place_id,name,lat,lng,nearest_station,distance_to_station,formatted_address,formatted_phone_number,rating,url,website
ChIJ6-VLQ5qp9YgRqLd_dXWUUoU,Kenridge Apartment Homes,33.7659036,-84.23679109999999,Indian Creek,0.48862006515031614,"3893 Kensington Rd, Decatur, GA 30032, USA",(404) 296-5096,2.1,https://maps.google.com/?cid=9606904187338078120,http://harvest-properties.com/property/kenridge-apartments/
ChIJ6YhRHpqp9YgRZaheguNZqvc,Windrush Apartments,33.7680344,-84.23784789999999,Indian Creek,0.4846399158125389,"3841 Kensington Rd, Decatur, GA 30032, USA",(404) 296-1613,2.4,https://maps.google.com/?cid=17846175307088701541,http://www.themintdecatur.com/
ChIJn6PLZ5up9YgRoDwaYDUNo1A,Ridge Stone Townhomes,33.7641878,-84.2342939,Indian Creek,0.46847651313213734,"1055 Holcombe Rd, Decatur, GA 30032, USA",(404) 294-7813,1.2,https://maps.google.com/?cid=5810502467134831776,http://ridgestone.smpmgt.com/
ChIJlfofUpqp9YgRkIJQgTzUHNU,Silver Oak Apartment,33.7660719,-84.2361592,Indian Creek,0.45196961822225584,"3893 Kensington Rd, Decatur, GA 30032, USA",,2.0,https://maps.google.com/?cid=15356382185759212176,
ChIJwQ0C4Jup9YgRsnPAEwdp4Lw,Langley Place Apartments,33.7691568,-84.2384057,Indian Creek,0.5032096392800525,"3815-3835 Kensington Rd, Decatur, GA 30032, USA",(678) 705-3546,2.9,https://maps.google.com/?cid=13609993553030706098,https://www.kencoapartments.com/langley-place
ChIJ21_MPlOp9YgRJA8YIOUqyM0,Avondale Townhomes,33.7645252,-84.23577159999999,Indian Creek,0.5042613809824594,"1055 Holcombe Rd, Decatur, GA 30032, USA",(404) 254-4068,3.0,https://maps.google.com/?cid=14828148936691683108,https://www.avondaletownhomes.com/
ChIJZ-fK-e2p9YgRfVZDx_gBWCQ,The Mint at Decatur Apartment Homes,33.7679198,-84.23807289999999,Indian Creek,0.4991770269992193,"3841 Kensington Rd, Decatur, GA 30032, USA",(404) 296-1613,3.0,https://maps.google.com/?cid=2618845351322539645,http://www.themintdecatur.com/
ChIJaX1HTISp9YgRkZn33Z2aGvI,Redan Cove Apartments,33.760177,-84.236952,Indian Creek,0.7835847739266135,"3737 Redan Rd, Decatur, GA 30032, USA",(404) 289-7618,3.9,https://maps.google.com/?cid=17445426109397571985,http://rjamesproperties.com/properties/redan-cove/
