place_id,name,lat,lng,nearest_station,distance_to_station,formatted_address,formatted_phone_number,rating,url,website
ChIJGdlcO88J9YgRQcNXGtUj_Lc,Wynchase Apartments,33.8971837,-84.2837352,Doraville,0.4475098838955194,"3695 Shallowford Rd, Doraville, GA 30340, USA",(770) 458-3536,4.7,https://maps.google.com/?cid=13257510801248863041,http://www.hammondresidentialgroup.com/
ChIJPdpKPNwJ9YgRAdC4TwLdpd8,Pebblewood Apartments,33.9047701,-84.27544759999999,Doraville,0.29825545238558065,"6135 New Peachtree Rd # B, Doraville, GA 30340, USA",(770) 458-3161,4.8,https://maps.google.com/?cid=16115529843612372993,
ChIJgWhzf88J9YgRsMR0HCQSkpI,Pleasantdale Crossing Apartments,33.8981579,-84.2832564,Doraville,0.3752848447906108,"Doraville, GA 30340, USA",,,https://maps.google.com/?cid=10561524022442771632,
ChIJL_pNas8J9YgRGWbeuu1n5Ks,Legacy North Apartments,33.8967107,-84.2836621,Doraville,0.47490014970381556,"3695 Shallowford Rd, Doraville, GA 30340, USA",(770) 458-3536,3.3,https://maps.google.com/?cid=12386139145915754009,
ChIJG_uK4MsJ9YgRp-WgHM-89LU,Shallowford Pines Apartments,33.8930343,-84.28654879999999,Doraville,0.7759230325823323,"3548 Shallowford Rd, Chamblee, GA 30341, USA",(470) 207-3984,2.5,https://maps.google.com/?cid=13111312012906915239,http://www.shallowfordpinesapartments.com/
ChIJLfwdlbUJ9YgRcQe4c43EBvY,Chamblee Heights Apartments,33.8929804,-84.291523,Doraville,0.9481343259436522,"3255 Chamblee Dunwoody Rd, Chamblee, GA 30341, USA",(770) 451-2644,3.1,https://maps.google.com/?cid=17728073095001409393,
ChIJCeCYpWGn9YgREYvbYRZul0U,Foxwood Apartments,33.9053011,-84.2682785,Doraville,0.7015665035936145,"3852 McElroy Rd, Doraville, GA 30340, USA",(770) 457-6545,4.3,https://maps.google.com/?cid=5014597752510450449,http://www.foxwoodapthomes.com/
ChIJ_8nHTskJ9YgRgwNEli-Joy4,Shallowford ARMS,33.8944354,-84.28572249999999,Doraville,0.6683902237322813,"3600 Shallowford Rd, Atlanta, GA 30341, USA",(770) 680-2332,2.3,https://maps.google.com/?cid=3360680584426029955,http://www.shallowfordarmsapartments.com/
ChIJl1icXmGn9YgRaIMuXau2BpM,Bluestone Village,33.9034192,-84.2677045,Doraville,0.7163216386193775,"3812 McElroy Rd, Doraville, GA 30340, USA",,3.6,https://maps.google.com/?cid=10594356020554662760,
