place_id,name,lat,lng,nearest_station,distance_to_station,formatted_address,formatted_phone_number,rating,url,website
ChIJeZUORXID9YgRSXwn5CHr6MM,Mechanicsville Station,33.7405667,-84.40466780000001,West End,0.6050182992821632,"520 Fulton St SW, Atlanta, GA 30312, USA",(404) 827-9152,2.7,https://maps.google.com/?cid=14116791562787060809,http://www.mechanicsvilleliving.com/mechanicsville-station/
ChIJGZzOPHMD9YgRRsD7WNa6dzc,GE Tower Apartments,33.737788,-84.4039816,West End,0.5704172145746369,"490 Glenn St SW, Atlanta, GA 30312, USA",(404) 653-0988,4.6,https://maps.google.com/?cid=3996868624093265990,http://www.getower.com/
ChIJZy2NN0ID9YgRH5vH5OO23Es,Veranda At Collegetown,33.7438293,-84.4189828,West End,0.6189223596311486,"372 Legacy Dr SW, Atlanta, GA 30310, USA",(404) 756-3018,3.6,https://maps.google.com/?cid=5466445137633057567,http://www.verandacollegetown.com/
ChIJJ1s38UED9YgRSXzUQNRcggE,The Atrium at Collegetown,33.7427586,-84.41794159999999,West End,0.5253564943234222,"435 Joseph E Lowery Blvd SW, Atlanta, GA 30310, USA",(404) 758-2175,4.0,https://maps.google.com/?cid=108751407700802633,https://www.mercyhousing.org/GA-Atrium-at-CollegeTown
ChIJs5lzwHMD9YgRvjxGQfQMbwg,Mechanicsville Crossing,33.7411165,-84.40335449999999,West End,0.6893686765838001,,,,,
ChIJZ9eqdkID9YgRZfBqVB-7UNI,Ashley Collegetown,33.745048,-84.41784100000001,West End,0.6666964813149581,"387 Joseph E Lowery Blvd SW, Atlanta, GA 30310, USA",(404) 755-8177,2.3,https://maps.google.com/?cid=15154818489336393829,http://www.ashleycollegetown.com/
ChIJp5NbUkID9YgRmHq1nkcyE8I,Ashley Collegetown Phase 88,33.7455706,-84.4201259,West End,0.7557819513210666,"965 Sells Ave SW, Atlanta, GA 30310, USA",(404) 753-9765,,https://maps.google.com/?cid=13984576551102282392,
ChIJMbPgAxUD9YgRY0oBtjIXjKo,Ashley West End,33.7350201,-84.4149199,West End,0.1003532724526883,"717 Lee St SW, Atlanta, GA 30310, USA",(404) 758-9405,3.7,https://maps.google.com/?cid=12289222989756582499,http://www.ashleywestend.com/
ChIJNWTAJhUD9YgRg_36bD3xS8k,Oglethorpe Place,33.7364591,-84.4150655,West End,0.08618293717873647,"835 Oglethorpe Ave SW, Atlanta, GA 30310, USA",(404) 755-3100,3.9,https://maps.google.com/?cid=14504952271000501635,http://www.oglethorpeplace.com/
ChIJGVmUfgwD9YgRXJwlxl8RtDU,Heritage Station Apartments,33.73386,-84.40197429999999,West End,0.6893283586022069,"765 McDaniel St SW, Atlanta, GA 30310, USA",(404) 588-5522,4.1,https://maps.google.com/?cid=3869737082862017628,https://cortland.com/apartments/heritage-station/?utm_source=gmb_site&utm_medium=organic
ChIJD49WkzwD9YgRkWjwnZEhlG0,Oakland City Westend Apartments 2,33.7283147,-84.4212292,West End,0.6873623801081685,"978 Peeples St SW, Atlanta, GA 30310, USA",,2.3,https://maps.google.com/?cid=7895972955991074961,
ChIJ5T6xldgD9YgRVJb6LTMZ78g,Adair Court,33.7328925,-84.4127896,West End,0.22178376844025438,"806 Murphy Ave SW, Atlanta, GA 30310, USA",(404) 450-9169,5.0,https://maps.google.com/?cid=14478819034624857684,http://www.wodagroup.com/adaircourt
ChIJZevjXkAD9YgRXGKa93X792c,Oakland City West End 3,33.7392138,-84.41987000000002,West End,0.41959758218028326,"979 Howell Pl SW, Atlanta, GA 30310, USA",(678) 882-2549,4.0,https://maps.google.com/?cid=7491732989237944924,
ChIJjc8qeHMD9YgRdn8USrEdBOo,Parkside At Mechanicsville,33.7397419,-84.40258399999999,West End,0.6872944554131971,"565 McDaniel St SW, Atlanta, GA 30312, USA",(404) 523-0230,3.5,https://maps.google.com/?cid=16862635552071253878,https://www.columbiares.com/apartments-in-atlanta/parkside-at-mechanicsville/
ChIJ7fm1xXMD9YgRmm_wMT-e1Fc,Mechanicsville Apartments,33.7415591,-84.4035186,West End,0.6974471437555115,"505 Fulton St SW, Atlanta, GA 30312, USA",(404) 577-2833,3.6,https://maps.google.com/?cid=6328857370620358554,https://www.columbiares.com/
ChIJHdB7xHwD9YgRCeK9FEmYwvM,Entra West End,33.7424661,-84.4140539,West End,0.444365821131994,"451 Lee St SW, Atlanta, GA 30310, USA",(833) 645-0322,5.0,https://maps.google.com/?cid=17564768936346378761,http://www.entrawestend.com/?rcstdid=Mg==-YRjTEizZPgM=
