place_id,name,lat,lng,nearest_station,distance_to_station,formatted_address,formatted_phone_number,rating,url,website
ChIJr7zKzGcE9YgRruPzIkImKgc,Biltmore at Midtown Apartments,33.7776776,-84.3870797,North Avenue,0.4118530435599317,"855 W Peachtree St NW, Atlanta, GA 30308, USA",(404) 888-0822,3.8,https://maps.google.com/?cid=516267172783449006,http://www.biltmoreatmidtown-apts.com/
ChIJid923FAF9YgRyuNIZHlRKJM,Alexan on 8th,33.7788608,-84.3875565,North Avenue,0.4942862225012838,"880 W Peachtree St NW, Atlanta, GA 30309, USA",(678) 498-2362,3.7,https://maps.google.com/?cid=10603814904459224010,https://alexanon8thapartments.com/
ChIJ75e8ImkE9YgR4H9A5K1GxUY,Broadstone Midtown,33.7771428,-84.3827209,North Avenue,0.4499363142703168,"811 Juniper St NE, Atlanta, GA 30308, USA",(404) 541-0833,3.7,https://maps.google.com/?cid=5099559865739673568,http://broadstonemidtown.com/
ChIJo0YKQ28E9YgRGLjQjVGmGlQ,Solace on Peachtree,33.7741828,-84.3848792,North Avenue,0.21146288745329822,"710 Peachtree St NE, Atlanta, GA 30308, USA",(404) 737-0427,3.0,https://maps.google.com/?cid=6060339117782251544,https://www.solaceonpeachtree.com/
ChIJ8QQ4pnME9YgRuWWISbxlSpo,The Prato at Midtown,33.765844,-84.37869239999999,North Avenue,0.6276413173050848,"400 Central Park Pl NE, Atlanta, GA 30308, USA",(833) 817-1891,3.3,https://maps.google.com/?cid=11117810489479423417,https://www.thepratoatmidtown-apts.com/?utm_source=GoogleLocalListing&utm_medium=organic
ChIJAQBAf24E9YgRsPXE8veOPc4,Apartments Atlanta GA,33.771607,-84.381321,North Avenue,0.3292990982687761,"625 Piedmont Ave NE, Atlanta, GA 30308, USA",(404) 685-1661,,https://maps.google.com/?cid=14861191540973565360,
ChIJ1yj7vW0E9YgRtbwUb-PwJTY,251 North Apartment Homes,33.7702499,-84.3781535,North Avenue,0.5212522405738714,"300 Cityline Ave NE, Atlanta, GA 30308, USA",(404) 881-6699,3.6,https://maps.google.com/?cid=3901789511798275253,http://www.251northatlanta.com/
ChIJg6E4R2YE9YgR5rOOcMZ1qrU,Gardenwood Apartments LLC,33.7769584,-84.3869356,North Avenue,0.36232948061451153,"817 W Peachtree St NW, Atlanta, GA 30308, USA",(404) 892-3405,,https://maps.google.com/?cid=13090404762058142694,
ChIJa5x-k2gE9YgRlqdEIazVujc,Legacy Apartment Homes,33.7765132,-84.3848754,North Avenue,0.3542477901081157,"800 W Peachtree St NW, Atlanta, GA 30308, USA",,,https://maps.google.com/?cid=4015756953023457174,
ChIJJ4N2SGcE9YgRQioXothHkl0,Modera Midtown,33.7800213,-84.3900752,North Avenue,0.5993831353621496,"95 8th St NW, Atlanta, GA 30309, USA",(866) 817-0040,3.2,https://maps.google.com/?cid=6742530587884988994,https://www.moderamidtown.com/?utm_source=GMB&utm_medium=organic&utm_campaign=Local
ChIJq-WgFWgE9YgRxxQw2wsiSms,900 Peachtree Lofts,33.7791571,-84.3843843,North Avenue,0.5360861142629386,"900 Peachtree St NE, Atlanta, GA 30309, USA",(404) 876-6432,,https://maps.google.com/?cid=7731029144652223687,http://bradenfellman.com/apartments/loftsat900/
ChIJcxv94W8E9YgREMG-M7naaaE,The Byron Apartments,33.7695393,-84.3848615,North Avenue,0.19482170066969068,"549 Peachtree St NE, Atlanta, GA 30308, USA",(404) 620-2657,3.4,https://maps.google.com/?cid=11631068001632960784,http://thebyron.com/
ChIJE-xewnEE9YgR5fc5P36zMa4,The Waterford on Piedmont Apartments,33.7697314,-84.3825626,North Avenue,0.29136350288909485,"530 Piedmont Ave NE, Atlanta, GA 30308, USA",(404) 870-9992,3.9,https://maps.google.com/?cid=12552010991266297829,http://www.thewaterfordonpiedmont.com/
ChIJjcHMuGgE9YgRDU282xWbvMk,Trace,33.7760019,-84.3849046,North Avenue,0.3208531777923474,"782 Peachtree St NE, Atlanta, GA 30308, USA",(888) 845-0728,4.0,https://maps.google.com/?cid=14536664215428287757,https://tracemidtown.com/
ChIJJxRPlGcE9YgRQ7RtfOiIW9Q,Nine15 Midtown Apartments,33.7797394,-84.3867657,North Avenue,0.5541759283755173,"915 W Peachtree St NW, Atlanta, GA 30309, USA",(470) 206-9990,4.0,https://maps.google.com/?cid=15301974691022746691,https://www.nine15midtown.com/
ChIJW753I3EE9YgRPIrVZI9jerE,Century Skyline Apartments,33.7654122,-84.38293829999999,North Avenue,0.4936518172105499,"396 Piedmont Ave NE, Atlanta, GA 30308, USA",(404) 594-6418,3.2,https://maps.google.com/?cid=12788643559395134012,http://www.century-apartments.com/century-skyline-atlanta-ga
ChIJEz8P2G0E9YgR904FTfStLo8,Savanah Midtown,33.7705841,-84.3805709,North Avenue,0.38029732152305773,"215 North Avenue NE, Atlanta, GA 30308, USA",(404) 874-5252,3.1,https://maps.google.com/?cid=10317375061128204023,https://www.savannahmidtownapts.com/?utm_source=Local%20Listings&utm_medium=referral&utm_campaign=Top%20Line%20Local
ChIJTeBku34E9YgRc9U1cdRHAag,Post Centennial Park,33.763586,-84.3912454,North Avenue,0.6094742726334733,"325 Centennial Olympic Park Dr NW, Atlanta, GA 30313, USA",(678) 649-4155,2.9,https://maps.google.com/?cid=12106036251106596211,http://www.maac.com/georgia/atlanta/post-centennial-park/
ChIJ5-m-TGgE9YgRHW0jrngonD0,Hanover Midtown,33.7786417,-84.3828376,North Avenue,0.5360000038984785,"888 Juniper St NE, Atlanta, GA 30309, USA",(470) 419-7908,4.7,https://maps.google.com/?cid=4439467831463210269,https://www.hanovermidtown.com/
ChIJVVUV5W4E9YgREPmg1CVS1R0,Marq on Ponce,33.7726,-84.38247369999999,North Avenue,0.2700722747512092,"144 Ponce De Leon Ave NE, Atlanta, GA 30308, USA",(888) 226-0742,3.6,https://maps.google.com/?cid=2149714719573866768,https://www.cwsapartments.com/marq-on-ponce-atlanta-ga/?utm_source=googlemybusiness&utm_medium=organic&utm_campaign=website_link
ChIJD0Z-VG4E9YgR0Ad9iA9G6R4,131 Ponce Apartments,33.771828,-84.38265,North Avenue,0.25288772096411155,"131 Ponce De Leon Ave NE, Atlanta, GA 30308, USA",(404) 600-8701,3.2,https://maps.google.com/?cid=2227388523239770064,http://www.live131ponce.com/
ChIJeVwPTGwE9YgRVoLQt21YZ7Y,Camden Midtown Atlanta Apartments,33.7714266,-84.378793,North Avenue,0.47512140273438014,"265 Ponce De Leon Ave NE, Atlanta, GA 30308, USA",(404) 347-9200,4.5,https://maps.google.com/?cid=13143571265762656854,https://www.camdenliving.com/atlanta-ga-apartments/camden-midtown-atlanta
ChIJFS69QmcE9YgRdJQuZG6iyQs,UH Midtown,33.779952,-84.38952119999999,North Avenue,0.5862471393753027,"930 Spring St NW, Atlanta, GA 30309, USA",(404) 815-1170,3.9,https://maps.google.com/?cid=849388599746925684,https://uhmidtown.com/
ChIJ_bTkQmwE9YgRbixAIg3MOBU,685 Penn Avenue Apartments,33.77322,-84.3786406,North Avenue,0.49469874543097575,"685 Penn Ave NE, Atlanta, GA 30308, USA",(833) 834-1338,3.3,https://maps.google.com/?cid=1529196430273555566,
ChIJX7tx_GgE9YgRAOWMgxKNZII,SkyHouse South,33.7774899,-84.3831987,North Avenue,0.4561101351797667,"100 6th St NE, Atlanta, GA 30308, USA",(833) 570-6835,4.4,https://maps.google.com/?cid=9395789833257673984,http://skyhousesouth.com/
ChIJla4DuXwE9YgR3yCtvTqd2WA,Centennial Place Apartment Homes,33.7687303,-84.3924359,North Avenue,0.37198877899228605,"526 Centennial Olympic Park Dr NW, Atlanta, GA 30313, USA",(404) 892-0772,3.2,https://maps.google.com/?cid=6978781973203198175,http://www.centennialplaceapartments.com/
ChIJiQ6H8l0E9YgRuNf8HKchVmQ,100 Midtown Apartments,33.781059,-84.39016699999999,North Avenue,0.669525232646298,,,,,
ChIJ1wiKLGwE9YgR5B_6zVdfHUc,Woodruff on Ponce,33.7722144,-84.38009559999999,North Avenue,0.4013214935100647,"223 Ponce De Leon Ave NE, Atlanta, GA 30308, USA",(404) 978-2922,,https://maps.google.com/?cid=5124356781740007396,http://www.woodruffonponce.com/
ChIJ-4zc6cAF9YgRxwm579MJkL0,Generation Atlanta,33.7655219,-84.3913319,North Avenue,0.4923696437545862,"369 Centennial Olympic Park Dr NW, Atlanta, GA 30313, USA",(404) 975-4585,5.0,https://maps.google.com/?cid=13659428475679345095,https://generationatl.com/
ChIJT188AHEE9YgRJfZv8WkdIB0,Townhouse Atlanta,33.7667641,-84.3825593,North Avenue,0.42704711293854264,"450 Piedmont Ave NE, Atlanta, GA 30308, USA",(404) 892-1450,4.0,https://maps.google.com/?cid=2098709767214069285,http://www.townhouseatlanta.com/?utm_source=GoogleLocalListing&utm_medium=organic
ChIJH7f6nl0E9YgRXYsYDxlpUvY,Hanover West Peachtree,33.7817916,-84.3886795,North Avenue,0.7017553750577303,"1010 W Peachtree St NW, Atlanta, GA 30309, USA",(404) 334-4061,4.4,https://maps.google.com/?cid=17749364637768911709,https://www.hanoverwestpeachtree.com/
ChIJ_cF78HYE9YgRr2YoF3KZcqc,Altitude,33.7615621,-84.38243489999999,North Avenue,0.7474596671195329,"250 Piedmont Ave NE, Atlanta, GA 30308, USA",(404) 973-2846,3.3,https://maps.google.com/?cid=12065875066972825263,https://www.livealtitudeatlanta.com/
ChIJ7_yk_3sE9YgRT-n-E1DcsAE,Centennial House Condos,33.7641231,-84.3908331,North Avenue,0.5661204391253509,"115 W Peachtree Pl NW, Atlanta, GA 30313, USA",(404) 688-0292,4.5,https://maps.google.com/?cid=121839426429970767,
ChIJE-xewnEE9YgR4cwBzKD4qBo,Advantage Corporation Apartments,33.7690941,-84.3822129,North Avenue,0.33096205518560956,"530 Piedmont Ave NE, Atlanta, GA 30308, USA",(404) 748-1971,,https://maps.google.com/?cid=1921058610574642401,http://www.advantageapartments.com/
ChIJLTdKMdYF9YgR4o_f9iwndV4,816 Piedmont Ave NE,33.7768375,-84.3815439,North Avenue,0.4747456020847676,"816 Piedmont Ave NE, Atlanta, GA 30308, USA",,,https://maps.google.com/?cid=6806389485914263522,
ChIJf-aCvkEE9YgReGIjtrqbiP0,Advantage Corporation Apartments,33.7820047,-84.3788565,North Avenue,0.8521182827703427,"250 10th St NE, Atlanta, GA 30309, USA",(404) 343-0981,,https://maps.google.com/?cid=18269023114650411640,http://www.advantageapartments.com/
ChIJ6Wll_DMF9YgRKo9JCKtxspo,160-164 4th ST apartments,33.7748484,-84.3820813,North Avenue,0.35849299533638324,"164 4th St NE, Atlanta, GA 30308, USA",,,https://maps.google.com/?cid=11147097007087783722,
ChIJx3fM0WwE9YgRKIHdaYEkGk0,Deerfield Building Apartments,33.7724733,-84.3757125,North Avenue,0.6542103034236401,"360 Ponce De Leon Ave NE, Atlanta, GA 30308, USA",(678) 886-5290,4.0,https://maps.google.com/?cid=5555793228560433448,http://www.johnmorrisonproperties.com/deerfield
