place_id,name,lat,lng,nearest_station,distance_to_station,formatted_address,url,formatted_phone_number,rating,website
ChIJe5ZXKAgE9YgRI2k2uZ0nCF8,Tower View Apartments,33.7576947,-84.3668108,King Memorial,0.7364905498480682,"626 Irwin St NE, Atlanta, GA 30312, USA",https://maps.google.com/?cid=6847766791787538723,,,
ChIJwxsGFtoD9YgRPCBl9s1SUM4,Platform Apartments,33.7476997,-84.3788223,King Memorial,0.24106639772641608,"290 M.L.K. Jr Dr SE, Atlanta, GA 30312, USA",https://maps.google.com/?cid=14866473414505603132,(833) 317-1150,4.5,https://www.lifeatplatformapartments.com/?utm_source=google&utm_medium=organic&utm_campaign=google-my-business&utm_term=11230
ChIJrdTNI4gD9YgRXAwqUbdnj54,One12 Courtland Apartments,33.7572368,-84.3847194,King Memorial,0.7285953307596156,"112 Courtland St NE, Atlanta, GA 30303, USA",https://maps.google.com/?cid=11425464816700623964,(404) 584-2464,2.1,https://www.one12courtland.com/?utm_source=google&utm_medium=google%20my%20business&utm_campaign=website%20button
ChIJh2xtLYYD9YgR6dYotPlD8fc,Dwell ATL Luxury Apartments,33.7553013,-84.38158,King Memorial,0.5066442746515128,"171 Auburn Ave NE, Atlanta, GA 30303, USA",https://maps.google.com/?cid=17866135936503961321,(844) 209-8016,3.2,https://www.liveatdwellatl.com/?switch_cls[id]=64509&utm_source=google%20-%20entrataseo&utm_medium=organic&utm_campaign=gmb&utm_content=website%20click
ChIJsW4IepID9YgRqx_zdXYZSUo,The George & The Leonard Apartments,33.7466888,-84.3786544,King Memorial,0.2842050342314618,"275 Memorial Dr SE, Atlanta, GA 30312, USA",https://maps.google.com/?cid=5352837628682248107,(844) 330-1271,3.6,https://www.george-leonard.com/?utm_source=google&utm_medium=organic&utm_campaign=GMB
ChIJA33CDPED9YgRBMArjmIsbsQ,Lumen Grant Park Apartments,33.7460954,-84.3721121,King Memorial,0.33083113517939305,"465 Memorial Dr SE, Atlanta, GA 30312, USA",https://maps.google.com/?cid=14154299480675696644,(404) 236-0600,3.9,http://www.lumenatlanta.com/?utm_source=apartmentseo&utm_medium=gmb&utm_campaign=organicmaplisting
ChIJE-SougoE9YgRYW_BhuDXiUE,Camden Vantage Apartments,33.7583075,-84.37465809999999,King Memorial,0.5806083227953861,"180 Jackson St NE, Atlanta, GA 30312, USA",https://maps.google.com/?cid=4722543043608145761,(404) 221-0360,4.0,https://www.camdenliving.com/atlanta-ga-apartments/camden-vantage
ChIJR6o3b_QD9YgROF6izpdeCzE,Auburn Glenn Apartments,33.7529561,-84.3720492,King Memorial,0.2920211050819238,"49 Boulevard SE, Atlanta, GA 30312, USA",https://maps.google.com/?cid=3534022338702106168,(404) 584-1300,4.1,https://cortland.com/apartments/auburn-glenn/?utm_source=gmb_site&utm_medium=organic
ChIJN_zit_YD9YgRt-9rceVeJ9c,The Bradley Flats,33.7527188,-84.3689177,King Memorial,0.429674871632195,"55 Bradley St SE, Atlanta, GA 30312, USA",https://maps.google.com/?cid=15503464581789642679,(646) 844-4480,5.0,http://www.bradleyflats.com/
ChIJ27wrj4kD9YgRhOeEudS5Q6I,Bethel Towers,33.756207,-84.3808203,King Memorial,0.5278473381153687,"Jesse Hill Jr Dr NE, Atlanta, GA 30303, USA",https://maps.google.com/?cid=11692393380880639876,(404) 659-6728,2.0,
ChIJW44t_vYD9YgRv8YmT11ocBs,Edgewood Mews,33.7545682,-84.3673874,King Memorial,0.570493419856671,"608 Edgewood Ave NE, Atlanta, GA 30312, USA",https://maps.google.com/?cid=1977194986384836287,(646) 844-4480,4.9,http://www.edgewoodmews.com/
ChIJszQjg5ID9YgRyW6K18DbBbM,The Leonard,33.7466117,-84.377524,King Memorial,0.2537867914928602,"301 Memorial Dr SE, Atlanta, GA 30312, USA",https://maps.google.com/?cid=12899958328969031369,(844) 330-1271,4.1,
ChIJJR5q71MD9YgRpoE9OSWrIVM,Edge,33.7535491,-84.3655673,King Memorial,0.6287180532131252,"670 DeKalb Ave NE, Atlanta, GA 30307, USA",https://maps.google.com/?cid=5990257155741942182,,,
ChIJbziRzvUD9YgRcwrSJPfyE58,Grace Corporation Apartments,33.7552159,-84.37084879999999,King Memorial,0.45569142354850256,"509 Auburn Ave NE, Atlanta, GA 30312, USA",https://maps.google.com/?cid=11462772619876633203,(404) 584-6933,,
ChIJbVv0CQoE9YgRL3YaVYx85ds,Henderson Place,33.757889,-84.3704951,King Memorial,0.6226004230628733,"520 Irwin St NE, Atlanta, GA 30312, USA",https://maps.google.com/?cid=15845207806138021423,(404) 589-1374,3.5,http://hendersonpl.vsites.com/home
ChIJw-S7o40D9YgRUUoOqLYydEs,Mattress Factory Lofts,33.7484891,-84.3776421,King Memorial,0.15402990404595085,"300 M.L.K. Jr Dr SE, Atlanta, GA 30312, USA",https://maps.google.com/?cid=5437026410227976785,(404) 659-7988,2.9,http://bradenfellman.com/apartments/mattressfactory/directions/
ChIJF9DnQ5AD9YgRiugit9xuFFA,Capitol Gateway,33.7453143,-84.38412249999999,King Memorial,0.5850427584151046,"89 Woodward Ave SE, Atlanta, GA 30312, USA",https://maps.google.com/?cid=5770358916812826762,(404) 586-0411,3.0,http://www.liveatcapitolgateway.com/
ChIJj9zu3PMD9YgRY5Hm8-c_AwU,Fulton Cotton Mill Loft Apartments,33.7500329,-84.36940020000002,King Memorial,0.356220848843832,"170 Boulevard SE Suite B-107, Atlanta, GA 30312, USA",https://maps.google.com/?cid=361202660581740899,(404) 522-5638,4.3,http://www.livefultoncottonmill.com/
ChIJBfK5TIwD9YgR2hsrinRNmGU,Pencil Factory Flats,33.7495969,-84.3783699,King Memorial,0.16180764164473516,"349 Decatur St SE, Atlanta, GA 30312, USA",https://maps.google.com/?cid=7320686357220367322,(678) 810-1492,3.7,https://www.pencilfactoryapartments.com/
ChIJ06UkFYsD9YgRbmrx2ESN1iY,Brushworks Condominium,33.7538438,-84.376955,King Memorial,0.281750191871061,"19 Hilliard St SE, Atlanta, GA 30312, USA",https://maps.google.com/?cid=2798579545294334574,(404) 522-4320,,
ChIJSdVz9fcD9YgR1OUCQJk173I,Ayla,33.7548502,-84.3644919,King Memorial,0.7234965466691058,"44 Krog St NE, Atlanta, GA 30307, USA",https://maps.google.com/?cid=8281897172077831636,(404) 331-0620,4.5,https://www.aylaonkrog.com/?utm_source=GoogleLocalListing&utm_medium=organic
ChIJq6qapgkE9YgR_XHd1D_tWjc,214 Randolph Apartments,33.7600588,-84.3682108,King Memorial,0.8177174207781657,"214 Randolph St NE, Atlanta, GA 30312, USA",https://maps.google.com/?cid=3988761278400000509,(855) 338-0289,,http://greenleafmgmt.com/
ChIJq6q63YoD9YgRPmMqVGaLaYU,The Guild at Awethu House,33.7556467,-84.3764238,King Memorial,0.3976957006803034,"340 Auburn Ave NE, Atlanta, GA 30312, USA",https://maps.google.com/?cid=9613368151214023486,,,
ChIJRyIuDAoE9YgRXWb1Ij3kTNI,Grape St. Apartments,33.7582003,-84.3709935,King Memorial,0.6290202363589289,"141 Grape St NE, Atlanta, GA 30312, USA",https://maps.google.com/?cid=15153737797425522269,,4.0,
ChIJ3zEPIvcD9YgRnpT_agEqcAw,West Inman Lofts,33.75369980000001,-84.3671522,King Memorial,0.5510510115636333,"626 DeKalb Ave NE, Atlanta, GA 30312, USA",https://maps.google.com/?cid=896262511425197214,(404) 688-1626,3.4,https://www.westinmanwmp.com/
