place_id,name,lat,lng,nearest_station,distance_to_station,formatted_address,formatted_phone_number,rating,url,website
ChIJPczPf1MJ9YgRpB8e8QoOmcE,Peachtree Dunwoody Place,33.9292937,-84.3511388,Sandy Springs,0.18591105376465467,"6355 Peachtree Dunwoody Rd, Atlanta, GA 30328, USA",(770) 522-0012,4.8,https://maps.google.com/?cid=13950196760914567076,http://www.peachtreedunwoodyplace.com/
ChIJpx0Vo1IJ9YgRspDRNCTBxEs,Parc at Perimeter Apartment Homes,33.924411,-84.3531299,Sandy Springs,0.5394169777116229,"6210 Peachtree Dunwoody Rd, Atlanta, GA 30328, USA",(770) 350-9933,3.3,https://maps.google.com/?cid=5459701009529016498,http://www.parcwmp.com/
ChIJU1kUKVoJ9YgRB5yYSb5DKBM,Flats at Perimeter Place,33.92881029999999,-84.3422039,Sandy Springs,0.5319874132304283,"60 Perimeter Center Pl, Atlanta, GA 30346, USA",(678) 967-0579,3.8,https://maps.google.com/?cid=1380427770346642439,https://www.flatsatperimeterplaceapts.com/?utm_knock=ll&utm_source=gglocal&utm_medium=referral
ChIJi_u7RlgJ9YgRgJLcya5fsvQ,Walton Ashwood,33.932625,-84.34210499999999,Sandy Springs,0.49344565196655726,"1000 Ashwood Pkwy, Atlanta, GA 30338, USA",(678) 579-0433,4.7,https://maps.google.com/?cid=17632260695424537216,
ChIJQSLg9P4L9YgR6oQp51eC2G8,Mount Vernon,33.9375168,-84.349356,Sandy Springs,0.39014979390078647,"100 Preston Woods Trail, Atlanta, GA 30338, USA",(770) 668-9292,2.8,https://maps.google.com/?cid=8059334847231526122,http://www.maac.com/georgia/atlanta/mount-vernon/
ChIJ8zPyeP0L9YgRq9U769DGzAk,Windsor At Mt Vernon,33.9350151,-84.3464407,Sandy Springs,0.32090984526249994,"1314 Custis Ct, Atlanta, GA 30338, USA",(770) 696-4774,,https://maps.google.com/?cid=706157842192389547,
ChIJ0Uj9h_0L9YgRhod4kpZ5dnw,Mount Vernon Flats at Perimeter,33.93488080000001,-84.3473738,Sandy Springs,0.27581840780215233,"1265 Mount Vernon Hwy, Atlanta, GA 30338, USA",(770) 512-0220,3.8,https://maps.google.com/?cid=8968489395564349318,http://www.mountvernonflats.com/
ChIJWygePuIL9YgRQ-m8XytimhU,The Point at Perimeter,33.9354443,-84.3399839,Sandy Springs,0.6584929172639393,"100 Ashford Gables Dr, Dunwoody, GA 30338, USA",(770) 392-9709,2.1,https://maps.google.com/?cid=1556664559639259459,https://www.thepointwmp.com/?utm_source=GoogleMyBusiness&utm_medium=organic&utm_campaign=website_link
ChIJa-OWm88J9YgR4i13FFuZF8M,The Carlyle at Perimeter,33.9341427,-84.344129,Sandy Springs,0.40405748767652216,"100 Dunwoody Gables Dr, Dunwoody, GA 30338, USA",(770) 392-9709,2.5,https://maps.google.com/?cid=14057873378324721122,http://www.thecarlylewmp.com/
