place_id,name,lat,lng,nearest_station,distance_to_station,formatted_address,formatted_phone_number,rating,url,website
ChIJA4eHtHsD9YgRgpbuFol2N_c,Intown Apartments & Lofts,33.7500392,-84.4033955,Garnett,0.442619682522812,"170 Northside Dr SW, Atlanta, GA 30313, USA",(404) 522-7598,2.4,https://maps.google.com/?cid=17813837182254618242,http://www.intownloftsapartments.net/
ChIJb4F4PYMD9YgRmHWVqjtvWhE,MC Kiser Lofts,33.7489582,-84.39271140000001,Garnett,0.1885876420837838,"210 Pryor St SW, Atlanta, GA 30303, USA",(866) 691-8098,2.7,https://maps.google.com/?cid=1250434148604409240,http://www.mckiserlofts.com/
ChIJGysJ5IYD9YgRVq8BBT0FeIM,Muses Lofts,33.7554188,-84.3896182,Garnett,0.6007584406114594,"50 Peachtree St STE 100, Atlanta, GA 30303, USA",(404) 523-7344,4.6,https://maps.google.com/?cid=9473327575808978774,http://www.livethemuses.com/
ChIJkxaP8nsD9YgRBgG6AMX6KUs,Northside Plaza Apartments,33.7533627,-84.40237049999999,Garnett,0.5003433744595194,"440 Markham St SW, Atlanta, GA 30313, USA",(404) 688-9019,3.5,https://maps.google.com/?cid=5416135750917423366,http://www.liveatnorthsideplaza.com/
ChIJeZUORXID9YgRSXwn5CHr6MM,Mechanicsville Station,33.7405667,-84.40466780000001,Garnett,0.7418225873562232,"520 Fulton St SW, Atlanta, GA 30312, USA",(404) 827-9152,2.7,https://maps.google.com/?cid=14116791562787060809,http://www.mechanicsvilleliving.com/mechanicsville-station/
ChIJH8AvfnAD9YgR9DAg0gVS5P8,Artist Square,33.7467822,-84.40470359999999,Garnett,0.5181497784123019,"23 Larkin Pl SW, Atlanta, GA 30313, USA",(404) 584-6556,3.9,https://maps.google.com/?cid=18438952959315292404,http://www.artistsquareapartments.com/
ChIJt_1SdHwD9YgR-yBIknzDDk8,Friendship Tower Apartments,33.7535032,-84.40322669999999,Garnett,0.543964287551757,"35 Northside Dr SW, Atlanta, GA 30313, USA",(404) 681-2873,3.7,https://maps.google.com/?cid=5696705518467817723,
ChIJ2WVjH54D9YgR-s2Y6Ki3iBQ,Cityview At Rosa Burney Park,33.7412501,-84.39741599999999,Garnett,0.5056525703973359,"259 Richardson St SW, Atlanta, GA 30312, USA",(404) 524-0286,1.9,https://maps.google.com/?cid=1479634413675924986,
ChIJAZ194ngD9YgR7YKlPsWc07s,Fulton Supply Lofts,33.7513235,-84.3989038,Garnett,0.25986202999109803,"342 Nelson St SW, Atlanta, GA 30313, USA",(404) 775-9299,3.7,https://maps.google.com/?cid=13534333676151997165,http://www.fultonsupplylofts.com/
ChIJs5lzwHMD9YgRvjxGQfQMbwg,Mechanicsville Crossing,33.7411165,-84.40335449999999,Garnett,0.6633911107177325,"555 McDaniel St SW, Atlanta, GA 30312, USA",(404) 577-2833,3.0,https://maps.google.com/?cid=607718717924981950,http://www.mechanicsvilleliving.com/mechanicsville-crossing/
ChIJHc4R9_wE9YgRVZODpfHMYcw,TriBridge Residential,33.756848,-84.3886,Garnett,0.7147604641332485,"100 Peachtree St NW, Atlanta, GA 30303, USA",(404) 352-2800,2.9,https://maps.google.com/?cid=14727277594714280789,http://tribridgeresidential.com/
ChIJwwpL5nwD9YgR8WsfMVA2wP0,The Residences at CityCenter Apartments,33.755736,-84.40470599999999,Garnett,0.7105082330727701,"55 Maple St NW, Atlanta, GA 30314, USA",(844) 361-5655,3.6,https://maps.google.com/?cid=18284674205173640177,https://bhmanagement.com/communities/the-residences-at-citycenter-apartments/
ChIJrdTNI4gD9YgRXAwqUbdnj54,One12 Courtland Apartments,33.7572368,-84.3847194,Garnett,0.8838263804261972,"112 Courtland St NE, Atlanta, GA 30303, USA",(404) 584-2464,2.1,https://maps.google.com/?cid=11425464816700623964,https://www.one12courtland.com/?utm_source=google&utm_medium=google%20my%20business&utm_campaign=website%20button
ChIJjaxHa4MD9YgRiFw9e1lKeiY,City Plaza Apartments,33.7490379,-84.3918612,Garnett,0.2377660445153262,"133 Trinity Ave SW, Atlanta, GA 30303, USA",(404) 681-4750,3.9,https://maps.google.com/?cid=2772610268780125320,http://www.cityplazajmg.com/
ChIJXRc8PnoD9YgRMoIbsQhA-Sc,Stonewall Lofts,33.7500536,-84.40323149999999,Garnett,0.43371223058508557,"450 Stonewall St SW #404, Atlanta, GA 30313, USA",(404) 522-7598,1.0,https://maps.google.com/?cid=2880403842755428914,http://www.stonewalllofts.com/our-community/contact-us/
ChIJVzLnk3AD9YgR67WiGI4Exx0,Auto Shop/Paint Shop Lofts,33.7469728,-84.4030023,Garnett,0.41986843827296544,"283 Walker St SW, Atlanta, GA 30313, USA",,,https://maps.google.com/?cid=2145688755810514411,
ChIJiwgy338D9YgRFavgB-xaqRI,Smith & Porter,33.7487486,-84.39962899999999,Garnett,0.21335512552152464,"210 Peters St SW, Atlanta, GA 30313, USA",(470) 235-5466,4.5,https://maps.google.com/?cid=1344705933537749781,https://www.smithandporterapts.com/
ChIJ44HaF9gD9YgRBW_6ASLZGuk,Castleberry Park Apartments,33.7535392,-84.39916029999999,Garnett,0.39487085812135225,"Atlanta, GA 30313, USA",,,https://maps.google.com/?cid=16796976500316991237,
ChIJ9fZsFn0D9YgR-7ATiRg55do,Vllla At the Dome,33.7571223,-84.404834,Garnett,0.785479677016737,"515 Rhodes St NW, Atlanta, GA 30314, USA",(404) 996-2046,4.4,https://maps.google.com/?cid=15773076047476797691,
ChIJjc8qeHMD9YgRdn8USrEdBOo,Parkside At Mechanicsville,33.7397419,-84.40258399999999,Garnett,0.7136720187505159,"565 McDaniel St SW, Atlanta, GA 30312, USA",(404) 523-0230,3.5,https://maps.google.com/?cid=16862635552071253878,https://www.columbiares.com/apartments-in-atlanta/parkside-at-mechanicsville/
