place_id,name,lat,lng,nearest_station,distance_to_station,formatted_address,formatted_phone_number,rating,url,website
ChIJpUlMgZ8E9YgRLHp5RI1UzsI,Ashby Park Apartments,33.7619204,-84.4164261,Ashby,0.3953625524627528,"880 Rock St NW # B9, Atlanta, GA 30314, USA",(404) 221-9055,2.2,https://maps.google.com/?cid=14037250054276348460,
ChIJl7rhS50E9YgRMOZ66XCI498,Odyssey Villas Apartments,33.7604947,-84.4070916,Ashby,0.5900364623044934,"601 Spencer St NW, Atlanta, GA 30314, USA",(404) 671-3570,3.6,https://maps.google.com/?cid=16132888308706108976,
ChIJe2Ds1WUD9YgRJz4UPQOCxps,CAU Suites,33.751524,-84.4115889,Ashby,0.4086127631091728,"128 Mildred St SW, Atlanta, GA 30314, USA",(404) 880-8690,3.0,https://maps.google.com/?cid=11224802071688789543,http://www.causuites.com/student-apartments/ga/atlanta/cau-suites
ChIJQwd7g4QE9YgRQVj64Pa8PKA,The Point at Westside,33.7650738,-84.40441249999999,Ashby,0.9032514026212464,"370 Northside Dr NW, Atlanta, GA 30318, USA",(404) 418-4379,2.6,https://maps.google.com/?cid=11546311313193588801,http://www.pointatwestside.com/?utm_source=googlemybusiness&utm_medium=organic&utm_campaign=website_link
ChIJJzZMgZ8E9YgRWV5_cSWwd24,Haven Investments,33.762248,-84.4169912,Ashby,0.4212491571837298,"880 Rock St NW # B9, Atlanta, GA 30314, USA",(404) 221-9055,,https://maps.google.com/?cid=7960024541265092185,
ChIJtWRKw6YE9YgR-c37SHorIqs,Azalea Gardens Apartment,33.7643966,-84.4238204,Ashby,0.7240710486068921,"324a Archer Way NW, Atlanta, GA 30314, USA",(404) 584-6101,2.9,https://maps.google.com/?cid=12331466533904305657,
ChIJj5Q_Q2ED9YgRm3Sfj30Deh0,Heritage Commons,33.7539967,-84.4130012,Ashby,0.2279195062313043,"15 James P Brawley Dr SW, Atlanta, GA 30314, USA",(404) 880-8690,5.0,https://maps.google.com/?cid=2124014012073997467,
ChIJgTPEVGYD9YgRFAPMblIAB5s,Magnolia Park Apartments,33.756633,-84.41458709999999,Ashby,0.08434675806782148,"60 Paschal Blvd NW, Atlanta, GA 30314, USA",(404) 523-0740,3.4,https://maps.google.com/?cid=11170897754761986836,http://magnoliaparkatlanta.com/
ChIJM7Nlf4QE9YgRvnwImexpLL4,Northside Village Apartments,33.7651228,-84.4049962,Ashby,0.8811796885482184,"370 Northside Dr NW, Atlanta, GA 30318, USA",(404) 522-4826,5.0,https://maps.google.com/?cid=13703444231082245310,
ChIJ3bZCzWUD9YgR5LlGKAk1raQ,Veranda At Scholars Landing,33.751098,-84.4113146,Ashby,0.44150983399175825,"Clark Atlanta University, 130 Lawshe St SW, Atlanta, GA 30314, USA",(404) 221-0601,4.3,https://maps.google.com/?cid=11866198906637826532,
ChIJH8AvfnAD9YgR9DAg0gVS5P8,Artist Square,33.7467822,-84.40470359999999,Ashby,0.9169380558131615,"23 Larkin Pl SW, Atlanta, GA 30313, USA",(404) 584-6556,3.9,https://maps.google.com/?cid=18438952959315292404,http://www.artistsquareapartments.com/
ChIJ3zemqzUD9YgRZ1WdR3zucqw,The Legacy at Vine City,33.7595634,-84.4061126,Ashby,0.6123259325073855,"575 Foundry St NW, Atlanta, GA 30314, USA",(404) 331-6433,4.0,https://maps.google.com/?cid=12426256539413468519,
ChIJDZFkNHsD9YgRpzhuIbUcyHM,SW Apartments,33.7520614,-84.40657279999999,Ashby,0.6108060517419094,"409 Beckwith St SW, Atlanta, GA 30314, USA",,,https://maps.google.com/?cid=8342949873979373735,
ChIJ9fZsFn0D9YgR-7ATiRg55do,Vllla At the Dome,33.7571223,-84.404834,Ashby,0.6434584923202862,"515 Rhodes St NW, Atlanta, GA 30314, USA",(404) 996-2046,4.4,https://maps.google.com/?cid=15773076047476797691,
ChIJwwpL5nwD9YgR8WsfMVA2wP0,The Residences at CityCenter Apartments,33.755736,-84.40470599999999,Ashby,0.6484473840110644,"55 Maple St NW, Atlanta, GA 30314, USA",(844) 361-5655,3.6,https://maps.google.com/?cid=18284674205173640177,https://bhmanagement.com/communities/the-residences-at-citycenter-apartments/
ChIJP5bF3m8D9YgRRpysdkBL_8M,The Villages of Castleberry Hills,33.7467316,-84.4083485,Ashby,0.785785074348936,"600 Greensferry Ave SW, Atlanta, GA 30314, USA",(404) 523-1330,3.0,https://maps.google.com/?cid=14123089696698178630,http://www.villageatcastleberryhill.com/
