place_id,name,lat,lng,nearest_station,distance_to_station,formatted_address,formatted_phone_number,rating,url,website
ChIJo0YKQ28E9YgRGLjQjVGmGlQ,Solace on Peachtree,33.7741828,-84.3848792,Civic Center,0.5452324019533439,"710 Peachtree St NE, Atlanta, GA 30308, USA",(404) 737-0427,3.0,https://maps.google.com/?cid=6060339117782251544,https://www.solaceonpeachtree.com/
ChIJ8QQ4pnME9YgRuWWISbxlSpo,The Prato at Midtown,33.765844,-84.37869239999999,Civic Center,0.5165381567431551,"400 Central Park Pl NE, Atlanta, GA 30308, USA",(833) 817-1891,3.3,https://maps.google.com/?cid=11117810489479423417,https://www.thepratoatmidtown-apts.com/?utm_source=GoogleLocalListing&utm_medium=organic
ChIJAQBAf24E9YgRsPXE8veOPc4,Apartments Atlanta GA,33.771607,-84.381321,Civic Center,0.5000274970958031,"625 Piedmont Ave NE, Atlanta, GA 30308, USA",(404) 685-1661,,https://maps.google.com/?cid=14861191540973565360,
ChIJ1yj7vW0E9YgRtbwUb-PwJTY,251 North Apartment Homes,33.7702499,-84.3781535,Civic Center,0.5998200966035775,"300 Cityline Ave NE, Atlanta, GA 30308, USA",(404) 881-6699,3.6,https://maps.google.com/?cid=3901789511798275253,http://www.251northatlanta.com/
ChIJE-xewnEE9YgR5fc5P36zMa4,The Waterford on Piedmont Apartments,33.7697314,-84.3825626,Civic Center,0.36192754432289714,"530 Piedmont Ave NE, Atlanta, GA 30308, USA",(404) 870-9992,3.9,https://maps.google.com/?cid=12552010991266297829,http://www.thewaterfordonpiedmont.com/
ChIJW753I3EE9YgRPIrVZI9jerE,Century Skyline Apartments,33.7654122,-84.38293829999999,Civic Center,0.2817948671106298,"396 Piedmont Ave NE, Atlanta, GA 30308, USA",(404) 594-6418,3.2,https://maps.google.com/?cid=12788643559395134012,http://www.century-apartments.com/century-skyline-atlanta-ga
ChIJEz8P2G0E9YgR904FTfStLo8,Savanah Midtown,33.7705841,-84.3805709,Civic Center,0.48949691149437624,"215 North Avenue NE, Atlanta, GA 30308, USA",(404) 874-5252,3.1,https://maps.google.com/?cid=10317375061128204023,https://www.savannahmidtownapts.com/?utm_source=Local%20Listings&utm_medium=referral&utm_campaign=Top%20Line%20Local
ChIJD0Z-VG4E9YgR0Ad9iA9G6R4,131 Ponce Apartments,33.771828,-84.38265,Civic Center,0.45949977304271394,"131 Ponce De Leon Ave NE, Atlanta, GA 30308, USA",(404) 600-8701,3.2,https://maps.google.com/?cid=2227388523239770064,http://www.live131ponce.com/
ChIJTeBku34E9YgRc9U1cdRHAag,Post Centennial Park,33.763586,-84.3912454,Civic Center,0.29497943570771196,"325 Centennial Olympic Park Dr NW, Atlanta, GA 30313, USA",(678) 649-4155,2.9,https://maps.google.com/?cid=12106036251106596211,http://www.maac.com/georgia/atlanta/post-centennial-park/
ChIJVVUV5W4E9YgREPmg1CVS1R0,Marq on Ponce,33.7726,-84.38247369999999,Civic Center,0.5080829027410692,"144 Ponce De Leon Ave NE, Atlanta, GA 30308, USA",(888) 226-0742,3.6,https://maps.google.com/?cid=2149714719573866768,https://www.cwsapartments.com/marq-on-ponce-atlanta-ga/?utm_source=googlemybusiness&utm_medium=organic&utm_campaign=website_link
ChIJ_cF78HYE9YgRr2YoF3KZcqc,Altitude,33.7615621,-84.38243489999999,Civic Center,0.4583571727838763,"250 Piedmont Ave NE, Atlanta, GA 30308, USA",(404) 973-2846,3.3,https://maps.google.com/?cid=12065875066972825263,https://www.livealtitudeatlanta.com/
ChIJeVwPTGwE9YgRVoLQt21YZ7Y,Camden Midtown Atlanta Apartments,33.7714266,-84.378793,Civic Center,0.6068708761098095,"265 Ponce De Leon Ave NE, Atlanta, GA 30308, USA",(404) 347-9200,4.5,https://maps.google.com/?cid=13143571265762656854,https://www.camdenliving.com/atlanta-ga-apartments/camden-midtown-atlanta
ChIJcxv94W8E9YgREMG-M7naaaE,The Byron Apartments,33.7695393,-84.3848615,Civic Center,0.25681393647131145,"549 Peachtree St NE, Atlanta, GA 30308, USA",(404) 620-2657,3.4,https://maps.google.com/?cid=11631068001632960784,http://thebyron.com/
ChIJ_bTkQmwE9YgRbixAIg3MOBU,685 Penn Avenue Apartments,33.77322,-84.3786406,Civic Center,0.6889260628213196,"685 Penn Ave NE, Atlanta, GA 30308, USA",(833) 834-1338,3.3,https://maps.google.com/?cid=1529196430273555566,
ChIJMVrtam8E9YgRt9P8Ar5duNI,Lilli Midtown,33.7734983,-84.3843893,Civic Center,0.5098504703517622,"693 Peachtree St NE, Atlanta, GA 30308, USA",(404) 948-6693,4.8,https://maps.google.com/?cid=15183989214354920375,https://www.lillimidtown.com/
ChIJKQj1f3cE9YgRvz31ubbyQ-U,ashford at stoneridge apartments,33.7611653,-84.3856723,Civic Center,0.39163026538657536,"245 Peachtree Center Ave NE, Atlanta, GA 30303, USA",(855) 980-6796,,https://maps.google.com/?cid=16520314724742938047,
ChIJla4DuXwE9YgR3yCtvTqd2WA,Centennial Place Apartment Homes,33.7687303,-84.3924359,Civic Center,0.31341903608587107,"526 Centennial Olympic Park Dr NW, Atlanta, GA 30313, USA",(404) 892-0772,3.2,https://maps.google.com/?cid=6978781973203198175,http://www.centennialplaceapartments.com/
ChIJ-4zc6cAF9YgRxwm579MJkL0,Generation Atlanta,33.7655219,-84.3913319,Civic Center,0.22649784524166802,"369 Centennial Olympic Park Dr NW, Atlanta, GA 30313, USA",(404) 975-4585,5.0,https://maps.google.com/?cid=13659428475679345095,https://generationatl.com/
ChIJAQDQeHcE9YgRnn46CRwNCGs,Scarlett Place Apartments,33.7611653,-84.3856723,Civic Center,0.39163026538657536,"245 Peachtree Center Ave NE, Atlanta, GA 30303, USA",(866) 591-0778,,https://maps.google.com/?cid=7712428775937048222,http://www.scarlettplaceatlapts.com/scarlett-place-atl-apts-jonesboro-ga/neighborhood
ChIJjcHMuGgE9YgRDU282xWbvMk,Trace,33.7760019,-84.3849046,Civic Center,0.6658913092360069,"782 Peachtree St NE, Atlanta, GA 30308, USA",(888) 845-0728,4.0,https://maps.google.com/?cid=14536664215428287757,https://tracemidtown.com/
ChIJa5x-k2gE9YgRlqdEIazVujc,Legacy Apartment Homes,33.7765132,-84.3848754,Civic Center,0.7005727991363747,"800 W Peachtree St NW, Atlanta, GA 30308, USA",,,https://maps.google.com/?cid=4015756953023457174,
ChIJT188AHEE9YgRJfZv8WkdIB0,Townhouse Atlanta,33.7667641,-84.3825593,Civic Center,0.291438586966268,"450 Piedmont Ave NE, Atlanta, GA 30308, USA",(404) 892-1450,4.0,https://maps.google.com/?cid=2098709767214069285,http://www.townhouseatlanta.com/?utm_source=GoogleLocalListing&utm_medium=organic
ChIJ7_yk_3sE9YgRT-n-E1DcsAE,Centennial House Condos,33.7641231,-84.3908331,Civic Center,0.2522053677300151,"115 W Peachtree Pl NW, Atlanta, GA 30313, USA",(404) 688-0292,4.5,https://maps.google.com/?cid=121839426429970767,
ChIJrdTNI4gD9YgRXAwqUbdnj54,One12 Courtland Apartments,33.7572368,-84.3847194,Civic Center,0.667228396868197,"112 Courtland St NE, Atlanta, GA 30303, USA",(404) 584-2464,2.1,https://maps.google.com/?cid=11425464816700623964,https://www.one12courtland.com/?utm_source=google&utm_medium=google%20my%20business&utm_campaign=website%20button
ChIJE-xewnEE9YgR4cwBzKD4qBo,Advantage Corporation Apartments,33.7690941,-84.3822129,Civic Center,0.35516915983625874,"530 Piedmont Ave NE, Atlanta, GA 30308, USA",(404) 748-1971,,https://maps.google.com/?cid=1921058610574642401,http://www.advantageapartments.com/
ChIJmy2YWWkV9YgRFwKjnBFq8qQ,AMLI Management Company,33.7615226,-84.38796119999999,Civic Center,0.3511832647156728,"260 W Peachtree St NW #1700, Atlanta, GA 30303, USA",(770) 281-3300,5.0,https://maps.google.com/?cid=11885678990459077143,http://www.amli.com/
ChIJ6Wll_DMF9YgRKo9JCKtxspo,160-164 4th ST apartments,33.7748484,-84.3820813,Civic Center,0.6511507623947319,"164 4th St NE, Atlanta, GA 30308, USA",,,https://maps.google.com/?cid=11147097007087783722,
ChIJg9vjnm8E9YgR39sU1p-FFFQ,The Ponce Condominium,33.7720059,-84.3845741,Civic Center,0.41112277331791525,"75 Ponce De Leon Ave NE, Atlanta, GA 30308, USA",(404) 355-0979,4.8,https://maps.google.com/?cid=6058614320258145247,http://www.poncecondo.com/
ChIJx3fM0WwE9YgRKIHdaYEkGk0,Deerfield Building Apartments,33.7724733,-84.3757125,Civic Center,0.7956051014104992,"360 Ponce De Leon Ave NE, Atlanta, GA 30308, USA",(678) 886-5290,4.0,https://maps.google.com/?cid=5555793228560433448,http://www.johnmorrisonproperties.com/deerfield
ChIJI1qSLW0E9YgRqdRJa0rBDfQ,Cosby Spear Highrise,33.7708237,-84.3751848,Civic Center,0.7723930979265898,"355 North Avenue NE, Atlanta, GA 30308, USA",(404) 249-1305,4.1,https://maps.google.com/?cid=17585924645323396265,
