place_id,name,lat,lng,nearest_station,distance_to_station,formatted_address,formatted_phone_number,rating,url,website
ChIJLRdHWQEE9YgR1SyxHcCQNkY,Inman Quarter,33.7623174,-84.3587589,Inman Park,0.4771770579975319,"299 North Highland Avenue Northeast, Atlanta, GA 30307, USA",(470) 240-0532,4.1,https://maps.google.com/?cid=5059390386203602133,https://www.inmanquarter.com/?utm_source=GMB&utm_medium=organic
ChIJoWjsT6sG9YgRlW7KloYCiiE,Station R Apartments,33.7577105,-84.34982079999999,Inman Park,0.15866859039461717,"144 Moreland Ave NE, Atlanta, GA 30307, USA",(470) 575-5714,3.3,https://maps.google.com/?cid=2416746927116414613,http://www.livestationr.com/
ChIJva5cRwAE9YgRQskabB7h4vk,Pendleton Apartments,33.758809,-84.355559,Inman Park,0.18777301742548003,"933 Euclid Ave NE, Atlanta, GA 30307, USA",,,https://maps.google.com/?cid=18006201780959627586,http://www.johnmorrisonproperties.com/studio_1_and_2_bedroom_apartments
ChIJ4780VQYE9YgR6T9FpAsGM48,Riverstone,33.760106,-84.36217839999999,Inman Park,0.5769630077747305,"185 Montag Cir # 100, Atlanta, GA 30307, USA",(404) 230-9362,5.0,https://maps.google.com/?cid=10318597818306346985,
ChIJIyckqwcE9YgRU_fnuuvvG_s,Mariposa Lofts,33.7603715,-84.36243549999999,Inman Park,0.5965370215014973,"100 Montag Cir, Atlanta, GA 30307, USA",(678) 742-5190,4.1,https://maps.google.com/?cid=18094319723623216979,http://www.mariposalofts.com/
ChIJbTqnOqgG9YgRj325nSH5F08,The Earle,33.7659638,-84.3534888,Inman Park,0.5716221645184556,"445 North Highland Avenue Northeast, Atlanta, GA 30307, USA",,,https://maps.google.com/?cid=5699297776236068239,
ChIJfwKa-AQE9YgRs7NInEFdM7I,Block Lofts,33.7666311,-84.3618877,Inman Park,0.8159233226272756,"747 Ralph McGill Blvd NE, Atlanta, GA 30312, USA",(404) 882-6009,4.1,https://maps.google.com/?cid=12840709498939683763,https://www.blockloftsapartments.com/
ChIJR4ZfugYE9YgRzWTDLI6Bkac,North Highland Steel Apartments & Shops,33.7623089,-84.3600463,Inman Park,0.5343833254488027,"240 North Highland Avenue Northeast, Atlanta, GA 30307, USA",(678) 999-1456,4.2,https://maps.google.com/?cid=12074574523593352397,http://www.nhighlandsteel.com/
ChIJwRPuqgcE9YgRUYFudjipesA,Inman Village Townhomes,33.75980980000001,-84.3620299,Inman Park,0.5631790778758065,"200 Montag Cir, Atlanta, GA 30307, USA",(404) 522-0996,,https://maps.google.com/?cid=13869584062411080017,
ChIJeSkmSFUB9YgRJz1ToM8WTSk,Station Square Apartments,33.7571967,-84.3521464,Inman Park,0.042915843082799554,"1065 Seaboard Ave NE, Atlanta, GA 30307, USA",(404) 523-6998,3.3,https://maps.google.com/?cid=2976060009765616935,https://rjamesproperties.com/properties/station-square-apartments/
ChIJNxL6alQB9YgRjRqNJuMqH-Q,Reynoldstown Commons,33.7527528,-84.3501544,Inman Park,0.3687070619766387,"1124 Wylie St SE, Atlanta, GA 30316, USA",(404) 527-6011,3.5,https://maps.google.com/?cid=16437904320018324109,https://www.reynoldstowncommons.com/
ChIJB6ut8vgD9YgRVd5Ucen-mn4,Spruce Street Apartments,33.7559917,-84.361701,Inman Park,0.5383626457972519,"70 Spruce St NE, Atlanta, GA 30307, USA",,,https://maps.google.com/?cid=9122884273774583381,
ChIJg3g7YPkD9YgRNUcroPZaSgM,Reynoldstown Senior Residences,33.7516355,-84.361299,Inman Park,0.6535420918120268,"695 Field St SE, Atlanta, GA 30316, USA",(404) 975-4291,4.4,https://maps.google.com/?cid=237101945686017845,http://www.mercyhousing.org/
ChIJVVX-eQUE9YgRF0TbypdFh7A,Anthem on Ashley Apartments,33.766128,-84.3642483,Inman Park,0.8879191794514089,"720 Ralph McGill Blvd NE, Atlanta, GA 30312, USA",(470) 809-7777,3.2,https://maps.google.com/?cid=12720212190777000983,https://www.anthemonashley.com/?utm_source=GoogleLocalListing&utm_medium=organic
ChIJkYpf99oJ9YgROXn9H8FXQVk,159 Whitefoord Apartments,33.7490515,-84.34249659999999,Inman Park,0.8321616347662788,"159 Whitefoord Ave SE, Atlanta, GA 30317, USA",(855) 422-7279,5.0,https://maps.google.com/?cid=6431518229838788921,http://greenleafmgmt.com/
ChIJ88LEJQQE9YgRZBOzXTZp1Zs,TMG Management,33.7632622,-84.36134580000001,Inman Park,0.6336423256422787,"800 E Ave NE, Atlanta, GA 30312, USA",(404) 688-9388,5.0,https://maps.google.com/?cid=11228996928139367268,
ChIJwQMtOLIG9YgR8wslLvpuZzo,Spoke Luxury Apartments,33.7609272,-84.3412655,Inman Park,0.6879931891001587,"1450 La France Street Northeast, Atlanta, GA 30307, USA",(470) 481-5824,4.1,https://maps.google.com/?cid=4208454397596077043,http://www.spokeatl.com/?s=gmb
ChIJSdVz9fcD9YgR1OUCQJk173I,Ayla,33.7548502,-84.3644919,Inman Park,0.7135868021447517,"44 Krog St NE, Atlanta, GA 30307, USA",(404) 331-0620,4.5,https://maps.google.com/?cid=8281897172077831636,https://www.aylaonkrog.com/?utm_source=GoogleLocalListing&utm_medium=organic
ChIJo-o2g7oG9YgRv42QXspOnk4,Oak Pointe Apartments,33.7671929,-84.3402815,Inman Park,0.9636227872909318,"485 Oakdale Rd NE, Atlanta, GA 30307, USA",(404) 688-6257,2.6,https://maps.google.com/?cid=5665052012355554751,http://bradenfellman.com/apartments/oakpointe/
ChIJZ9ACgwIE9YgR7wQ2sU-xGjM,Highland Glen,33.7659877,-84.3542051,Inman Park,0.5784968355137671,"436 North Highland Avenue Northeast, Atlanta, GA 30307, USA",,3.6,https://maps.google.com/?cid=3682450601162441967,http://mlcprop.com/
ChIJxZL1YqsG9YgRzw9svqHcCAs,Columbia Senior Residences at Edgewood,33.7567992,-84.3454136,Inman Park,0.4170814081414251,"1281 Caroline St NE, Atlanta, GA 30307, USA",(404) 681-5611,4.4,https://maps.google.com/?cid=795127921473490895,https://www.columbiares.com/senior-apartments-atlanta/columbia-senior-residences-at-edgewood
ChIJd07SvvEB9YgROvAgXE8-k88,Seaboard Weekes,33.7563269,-84.35226449999999,Inman Park,0.09666909757960587,"1049 Seaboard Ave, Atlanta, GA 30307, USA",(404) 523-6998,,https://maps.google.com/?cid=14957367297996550202,
ChIJr_gumggE9YgRVrWdLVAXi9g,Highland Walk Apartments,33.760912,-84.3646466,Inman Park,0.7291161851504616,"701 Highland Ave NE, Atlanta, GA 30312, USA",(404) 526-9555,4.2,https://maps.google.com/?cid=15603590967085348182,http://highlandwalk.com/
