place_id,name,lat,lng,nearest_station,distance_to_station,formatted_address,formatted_phone_number,rating,url,website
ChIJS2SldEME9YgR_XX_IrXQefQ,Furnished Apartments Atlanta,33.7847658,-84.3834107,Arts Center,0.4313520294179418,"1100 Peachtree St NE STE 200, Atlanta, GA 30309, USA",(770) 766-3365,4.8,https://maps.google.com/?cid=17616340893831230973,http://furnished-apts.com/
ChIJzYSEBUME9YgRT1yH2dSMRYg,77 12th,33.7843446,-84.3849456,Arts Center,0.39681045638945034,"77 12th St NE, Atlanta, GA 30309, USA",(404) 872-9080,4.0,https://maps.google.com/?cid=9819409408361716815,http://www.7712th.com/
ChIJAyIAK0ME9YgRscljnBrnoSI,Sixty11th Luxury Midtown Apartments,33.7835713,-84.3851713,Arts Center,0.4356985418771529,"60 11th St NE, Atlanta, GA 30309, USA",(404) 442-0771,4.3,https://maps.google.com/?cid=2495529770018916785,http://sixty11th.com/
ChIJtc92KEIE9YgRO8Tu2-sEODA,Azure on the Park,33.7825242,-84.3805988,Arts Center,0.6550795677525322,"1020 Piedmont Ave NE, Atlanta, GA 30309, USA",(833) 416-0125,4.4,https://maps.google.com/?cid=3474532523570021435,https://www.azuremidtown.com/?utm_source=GMB&utm_medium=organic
ChIJOzubW68F9YgRwomNWOyuxrs,1045 on the Park Apartment Homes,33.78294500000001,-84.379707,Arts Center,0.6742445809558953,"1045 Piedmont Ave NE, Atlanta, GA 30309, USA",(678) 944-9409,5.0,https://maps.google.com/?cid=13530694460602419650,https://www.1045onthepark.com/
ChIJGYhk4kME9YgRm-TWU1F9fVk,YOO on the Park,33.7851472,-84.3801806,Arts Center,0.5662243678382145,"207 13th St NE, Atlanta, GA 30309, USA",(678) 608-4250,3.9,https://maps.google.com/?cid=6448448029716833435,https://wheredoyoolive.com/?utm_source=GoogleMyBusiness&utm_medium=Organic
ChIJzYSEBUME9YgRuwpGyeqbGgs,Atlanta's Phoenix Properties,33.783997,-84.38358699999999,Arts Center,0.4631693586394697,"1080 Peachtree St NE Number 1608, Atlanta, GA 30309, USA",(678) 758-1069,1.0,https://maps.google.com/?cid=800123316513147579,http://www.luxurysalesatlanta.com/
ChIJx9wj3uoF9YgRBJL5GA6EDDg,Vireo Midtown Apartments,33.7851734,-84.3809405,Arts Center,0.5274481790821025,"195 13th St NE, Atlanta, GA 30309, USA",(678) 304-0394,4.6,https://maps.google.com/?cid=4038748161927909892,https://vireoatlanta.com/?utm_source=GMB&utm_medium=organic
ChIJXa6q1UIE9YgRN3ATu9Kefgo,Post Midtown Atlanta,33.7829497,-84.3865653,Arts Center,0.44438803450805636,"33 11th St NE, Atlanta, GA 30309, USA",(404) 600-1114,3.4,https://maps.google.com/?cid=756216415363756087,http://www.maac.com/georgia/atlanta/post-midtown/
ChIJNYJTZEEE9YgR9q8Lr96J-xk,Piedmont House,33.7838008,-84.3804067,Arts Center,0.6061096289215918,"205 12th St NE, Atlanta, GA 30309, USA",(404) 445-1859,4.9,https://maps.google.com/?cid=1872241659615096822,https://www.piedmonthouseapts.com/?utm_source=GoogleLocalListing&utm_medium=organic
ChIJ-ygzflsE9YgRFnV8S1xQ5OU,Icon Midtown Luxury Apartments,33.7861529,-84.3885287,Arts Center,0.20532517155895297,"22 14th St NW, Atlanta, GA 30309, USA",(470) 558-0788,4.0,https://maps.google.com/?cid=16565453686709187862,https://iconmidtown.com//?utm_knock=gmb
ChIJ_1HFSkME9YgRA1Jk2QZfwdQ,12th Street West Apartment Homes,33.784781,-84.3857031,Arts Center,0.3480780227305812,"60 12th St NE, Atlanta, GA 30309, USA",(404) 874-8481,3.6,https://maps.google.com/?cid=15330639089567552003,
ChIJiQ6H8l0E9YgRuNf8HKchVmQ,100 Midtown Apartments,33.781059,-84.39016699999999,Arts Center,0.561471248029157,"100 10th St NW, Atlanta, GA 30309, USA",(404) 891-1933,2.6,https://maps.google.com/?cid=7230003253419497400,https://www.100midtown.com/
ChIJB5SgA0QE9YgREjOFKgKGDAg,Windsor at Midtown,33.7870808,-84.38072059999999,Arts Center,0.48526625524384753,"222 14th St NE, Atlanta, GA 30309, USA",(844) 560-4885,4.0,https://maps.google.com/?cid=579985795885380370,https://www.windsoratmidtown.com/?utm_source=google&utm_medium=gmb
ChIJ-6A8YlsE9YgRcLfwCga0Re4,Atlantic House,33.7861088,-84.38747049999999,Arts Center,0.22125492881550496,"1163 W Peachtree St NE, Atlanta, GA 30309, USA",(404) 649-5434,4.4,https://maps.google.com/?cid=17169327092466235248,http://atlantichousemidtown.com/?utm_source=Kool%20Source&utm_medium=SEO
ChIJf-aCvkEE9YgRZrFffg2QJUg,Post Parkside Atlanta,33.782088,-84.3785299,Arts Center,0.764077734682416,"250 10th St NE, Atlanta, GA 30309, USA",(404) 817-8030,3.5,https://maps.google.com/?cid=5198719732498280806,http://www.maac.com/georgia/atlanta/post-parkside-atlanta/
ChIJH7f6nl0E9YgRXYsYDxlpUvY,Hanover West Peachtree,33.7817916,-84.3886795,Arts Center,0.5054006812979518,"1010 W Peachtree St NW, Atlanta, GA 30309, USA",(404) 334-4061,4.4,https://maps.google.com/?cid=17749364637768911709,https://www.hanoverwestpeachtree.com/
ChIJrWFRAVsE9YgRhXUbek52MZc,AMLI Arts Center,33.7887819,-84.3880696,Arts Center,0.047702629859151725,"1240 W Peachtree St NW, Atlanta, GA 30309, USA",(855) 207-8506,4.1,https://maps.google.com/?cid=10894619053014087045,https://www.amli.com/apartments/atlanta/midtown-apartments/amli-arts-center?switch_code=58696
ChIJkTO--VoE9YgRrYdluoTxB5g,Club Tower Apartments,33.7896957,-84.38812399999999,Arts Center,0.054975622593749315,"1280 W Peachtree St NW, Atlanta, GA 30309, USA",(404) 892-1209,,https://maps.google.com/?cid=10954990170967213997,
ChIJmSzVW0EE9YgRjqg3ui1b8eY,"StayTony Midtown, Atlanta",33.7850937,-84.3801515,Arts Center,0.5694798826627294,"207 13th St NE, Atlanta, GA 30309, USA",(404) 973-2425,5.0,https://maps.google.com/?cid=16641182350066559118,https://staytony.com/atlanta-midtown/
ChIJkWbdQ0IE9YgRzj_x_EiLc3Y,Juniper & Tenth Highrise,33.782139,-84.382166,Arts Center,0.6140752658392585,"150 10th St NE, Atlanta, GA 30309, USA",(404) 249-1322,4.3,https://maps.google.com/?cid=8535318864394797006,
ChIJ_5DkQkME9YgRMlYMdsZqQE4,Crescent Place Apartments,33.7854413,-84.3844392,Arts Center,0.3565375722979017,"1122 Crescent Ave NE, Atlanta, GA 30309, USA",(404) 460-7500,2.7,https://maps.google.com/?cid=5638624134084449842,http://www.1122crescent.com/
ChIJ2ZgH-loE9YgRRDvo0MDL_VU,MOVEINOW LLC,33.789796,-84.38801099999999,Arts Center,0.0644651430019251,"1280 W Peachtree St NW UNIT 1912, Atlanta, GA 30309, USA",(678) 815-8880,,https://maps.google.com/?cid=6196332691330710340,
ChIJJxRPlGcE9YgRQ7RtfOiIW9Q,Nine15 Midtown Apartments,33.7797394,-84.3867657,Arts Center,0.657211063526655,"915 W Peachtree St NW, Atlanta, GA 30309, USA",(470) 206-9990,4.0,https://maps.google.com/?cid=15301974691022746691,https://www.nine15midtown.com/
ChIJf-aCvkEE9YgReGIjtrqbiP0,Advantage Corporation Apartments,33.7820047,-84.3788565,Arts Center,0.7533744588002937,"250 10th St NE, Atlanta, GA 30309, USA",(404) 343-0981,,https://maps.google.com/?cid=18269023114650411640,http://www.advantageapartments.com/
ChIJL3L8fFAE9YgRJYiAy28Pegk,Belvedere House Apartments,33.792447,-84.388189,Arts Center,0.23162488100761333,"1384 W Peachtree St NW, Atlanta, GA 30309, USA",(404) 352-3211,1.0,https://maps.google.com/?cid=682875266330036261,http://ocdmanagement.net/
ChIJJ4N2SGcE9YgRQioXothHkl0,Modera Midtown,33.7800213,-84.3900752,Arts Center,0.6317157671115938,"95 8th St NW, Atlanta, GA 30309, USA",(866) 817-0040,3.2,https://maps.google.com/?cid=6742530587884988994,https://www.moderamidtown.com/?utm_source=GMB&utm_medium=organic&utm_campaign=Local
ChIJid923FAF9YgRyuNIZHlRKJM,Alexan on 8th,33.7788608,-84.3875565,Arts Center,0.7109100016452479,"880 W Peachtree St NW, Atlanta, GA 30309, USA",(678) 498-2362,3.7,https://maps.google.com/?cid=10603814904459224010,https://alexanon8thapartments.com/
ChIJq-WgFWgE9YgRxxQw2wsiSms,900 Peachtree Lofts,33.7791571,-84.3843843,Arts Center,0.7322371276330429,"900 Peachtree St NE, Atlanta, GA 30309, USA",(404) 876-6432,,https://maps.google.com/?cid=7731029144652223687,http://bradenfellman.com/apartments/loftsat900/
ChIJl0JGPmwF9YgR5u0JVT2-VbE,Spectrum on Spring,33.7897583,-84.3895083,Arts Center,0.06015695140384036,"1270 Spring St NW, Atlanta, GA 30309, USA",(833) 574-7143,4.3,https://maps.google.com/?cid=12778328688362647014,https://www.spectrumonspring.com/spectrum-on-spring-atlanta-ga?utm_source=GoogleMyBusiness&utm_medium=organic&utm_campaign=website_link
ChIJSTzX81wE9YgROjXNgo9VbIY,SkyHouse Midtown,33.7846871,-84.3882455,Arts Center,0.3074006122018441,"1080 W Peachtree St NW, Atlanta, GA 30309, USA",(833) 883-4771,4.2,https://maps.google.com/?cid=9686210973430265146,http://skyhousemidtown.com/
ChIJzzedY1AE9YgRfqVwP3IXcrY,Ascent Midtown Apartments,33.7928737,-84.38830659999999,Arts Center,0.25992947641894254,"1400 W Peachtree St NW, Atlanta, GA 30309, USA",(404) 400-0404,4.6,https://maps.google.com/?cid=13146596041705956734,https://www.liveascentmidtown.com/?utm_source=GoogleLocalListing&utm_medium=organic
ChIJFS69QmcE9YgRdJQuZG6iyQs,UH Midtown,33.779952,-84.38952119999999,Arts Center,0.6335468311440574,"930 Spring St NW, Atlanta, GA 30309, USA",(404) 815-1170,3.9,https://maps.google.com/?cid=849388599746925684,https://uhmidtown.com/
ChIJKXQJVVAE9YgRV5YRwCvWJjU,Winnwood Apartments,33.7944991,-84.3879487,Arts Center,0.37361214100302786,"1460 W Peachtree St NW, Atlanta, GA 30309, USA",(404) 876-6420,3.0,https://maps.google.com/?cid=3829984016519501399,https://bradenfellman.com/apartments-lofts/midtown/winnwood/
ChIJ_____4YD9YgRQEt_aadOMAI,Park Manor Apartments,33.7971137,-84.3804888,Arts Center,0.7289881012660642,"Atlanta, GA 30309, USA",(404) 815-9272,,https://maps.google.com/?cid=157712467894422336,
ChIJ-UiZ_FoE9YgRsZQBQkBCwSg,Arts Center Tower,33.789322,-84.3880022,Arts Center,0.04735561656746492,"1270 W Peachtree St NW, Atlanta, GA 30309, USA",(833) 850-7296,4.1,https://maps.google.com/?cid=2936701275775014065,http://liveartscentertower.com/
ChIJZdHKa1sE9YgRREYX90wB8Tw,Orr a Summey III,33.7870711,-84.38735989999999,Arts Center,0.16368910453467855,"1201 Peachtree St NE, Atlanta, GA 30309, USA",(404) 812-8100,,https://maps.google.com/?cid=4391292541737584196,
ChIJc4omr1YE9YgRtTfIlRIZ5H0,1660 Peachtree,33.7984003,-84.39153499999999,Arts Center,0.6585590010988492,"1660 Peachtree St NE, Atlanta, GA 30309, USA",(404) 260-6340,4.4,https://maps.google.com/?cid=9071403117044053941,https://connorgroup.com/apartments-atlanta-ga/1660-peachtree/?utm_source=google&utm_medium=organic&utm_campaign=listing
ChIJjzSdA0QE9YgR8PHIr1MBpkk,Advantage Corporation Apartments,33.78701600000001,-84.380719,Arts Center,0.4866691032620198,"222 14th St NE, Atlanta, GA 30309, USA",(866) 282-2503,,https://maps.google.com/?cid=5306930669845803504,http://www.advantageapartments.com/index.asp
ChIJMx-wZFAE9YgRLIX3oUWlax4,The Belvedere Place,33.7926225,-84.388001,Arts Center,0.24536196487658507,"1386-1400 W Peachtree St NW, Atlanta, GA 30309, USA",,,https://maps.google.com/?cid=2192027362134557996,
ChIJBXi2F_cE9YgRZNPaHf1gPG4,Seventeen West,33.7914854,-84.4000398,Arts Center,0.6675133714566228,"391 17th St NW, Atlanta, GA 30363, USA",(470) 285-9906,3.3,https://maps.google.com/?cid=7943330483018584932,https://www.17westapts.com/?utm_source=GMB&utm_medium=organic
ChIJQQGhElAF9YgRhntNDji0lTE,17th Street Lofts,33.7921496,-84.3956788,Arts Center,0.4479115703991299,"230 18th St NW, Atlanta, GA 30363, USA",(404) 737-0323,3.3,https://maps.google.com/?cid=3572960032239483782,https://www.17streetlofts.com/
ChIJm-KmAvgE9YgReNDsoxuduOs,The Lofts at Atlantic Station,33.792672,-84.395564,Arts Center,0.46015468283357464,"232 19th St NW UNIT 7306, Atlanta, GA 30363, USA",(844) 212-0070,2.8,https://maps.google.com/?cid=16985498736667709560,http://www.theloftsatatlanticstation.com/
ChIJq6pag0QE9YgRV41SpGB8PLY,StayTony MidTown Atlanta Leasing Office,33.786561,-84.387833,Arts Center,0.18503549407428543,"1170 W Peachtree St NW #1200, Atlanta, GA 30309, USA",(404) 973-2425,5.0,https://maps.google.com/?cid=13131507368021101911,https://staytony.com/atlanta-midtown/
ChIJ08VzVVAE9YgRb4f5fFTvHTA,Westwood Apartments,33.7945408,-84.38830639999999,Arts Center,0.37437136014342604,"1460 W Peachtree St NW, Atlanta, GA 30309, USA",,,https://maps.google.com/?cid=3467190434298169199,
ChIJnXkr2fYE9YgRD8tXHQUPVVM,Pushkar Apt,33.7894793,-84.4005316,Arts Center,0.6761211106424254,"400 17th St NW #2213, Atlanta, GA 30363, USA",,,https://maps.google.com/?cid=6004722192809970447,
ChIJR7INyBYF9YgRq0kUFQ2L_yU,253 14th st ne 30309,33.786335,-84.3791331,Arts Center,0.5880476661709292,"259 14th St NE, Atlanta, GA 30309, USA",(770) 256-2787,,https://maps.google.com/?cid=2738059986769037739,
ChIJnfL2APQE9YgRXpL4eWeODiY,The Local on 14th,33.7866159,-84.4012202,Arts Center,0.7359064742304513,"455 14th St NW, Atlanta, GA 30318, USA",(470) 440-5351,3.9,https://maps.google.com/?cid=2742285798194319966,http://thelocalon14th.com/
ChIJNThuz1UE9YgRDyf47RThB58,Brookwood Apartments,33.7986004,-84.3941961,Arts Center,0.7234260508375937,"20 Standish Ave NW, Atlanta, GA 30309, USA",(404) 231-4050,3.0,https://maps.google.com/?cid=11459375256875575055,
ChIJMTEvENAF9YgRS-Cj43NdIMw,Spectacular Luxury Suites by BCA Furnished Apartments,33.7896271,-84.38993169999999,Arts Center,0.07427928630856506,"1270 Spring St NW, Atlanta, GA 30309, USA",(844) 782-9222,,https://maps.google.com/?cid=14708859135313829963,
