place_id,name,lat,lng,nearest_station,distance_to_station,formatted_address,formatted_phone_number,rating,url,website
ChIJ_w11tbMJ9YgRA2RKGY6Bh7M,Bonaire Apartments,33.8920468,-84.29881259999999,Chamblee,0.4777103092833343,"Chamblee, GA 30341, USA",(770) 455-3101,3.0,https://maps.google.com/?cid=12936450901954683907,
ChIJy06AfKwJ9YgR71xmxz_XYXI,The Station on Peachtree,33.8919536,-84.3068081,Chamblee,0.30578089896656646,"3450 Miller Dr, Chamblee, GA 30341, USA",(844) 212-0085,3.8,https://maps.google.com/?cid=8242105461993004271,https://www.thestationonpeachtree.com/?switch_cls[id]=64509&utm_source=google%20-%20entrataseo&utm_medium=organic&utm_campaign=gmb&utm_content=website%20click
ChIJ3zfDO00I9YgRb_Sf8HTQs0A,New Peachtree Apartments,33.888368,-84.30083809999999,Chamblee,0.25986844311049695,"3354 Burk Dr, Chamblee, GA 30341, USA",(770) 455-1969,3.0,https://maps.google.com/?cid=4662299239930393711,
ChIJe947z_8I9YgRuqhvoClImJU,Windsor Parkview,33.8883444,-84.3150728,Chamblee,0.5641748528589404,"5070 Peachtree Blvd, Chamblee, GA 30341, USA",(833) 209-4043,4.4,https://maps.google.com/?cid=10779445051733813434,https://www.windsorparkview.com/?utm_source=google&utm_medium=gmb
ChIJl_qfuXKh9YgRMgaa-77VMhQ,The Oliver,33.8898087,-84.3097706,Chamblee,0.2957556799047459,"5193 Peachtree Blvd, Chamblee, GA 30341, USA",(470) 238-9907,4.0,https://maps.google.com/?cid=1455460645835769394,https://www.theoliverchamblee.com/?utm_source=GoogleLocalListing&utm_medium=organic
ChIJ-RKS260J9YgRHr2QcxYfZ-0,Azalea Place Apartments,33.892542,-84.303699,Chamblee,0.34586356945726643,"3504 Chamblee Dunwoody Way, Atlanta, GA 30341, USA",(770) 451-1007,2.5,https://maps.google.com/?cid=17106675890878725406,
ChIJn_xMH1UI9YgR_syBM8kK6nE,Senior Residences at Mercy Park,33.8868289,-84.3105246,Chamblee,0.3069610928502121,"5124 Peachtree Rd, Chamblee, GA 30341, USA",(678) 266-6116,5.0,https://maps.google.com/?cid=8208385130104999166,https://www.mercyhousing.org/southeast/senior-residences-at-mercy-park/
ChIJhzYGcP4I9YgRTsn3ZGDKm08,Cortland North Brookhaven,33.8873069,-84.3164128,Chamblee,0.6400420445753171,"2432 Johnson Ferry Rd, Chamblee, GA 30341, USA",(770) 455-1877,4.6,https://maps.google.com/?cid=5736401065746090318,https://cortland.com/apartments/cortland-north-brookhaven/?utm_source=gmb_site&utm_medium=organic
ChIJ16k3oawJ9YgR11nz2m5oHNg,Chamblee Senior Residences,33.8895734,-84.3065767,Chamblee,0.14873933848105794,"3381 Malone Dr, Atlanta, GA 30341, USA",(770) 451-8667,,https://maps.google.com/?cid=15572436436869405143,http://www.mercyhousing.org/
ChIJm4G0UsEJ9YgRVww_isFhGYA,Solis Carraway,33.8893571,-84.3126736,Chamblee,0.43958446390495587,,,,,
ChIJoz7wl6sJ9YgRN4BkCj2rLm8,Attiva Peachtree 55+ Active Living,33.8910942,-84.30788419999999,Chamblee,0.2773651170526033,"5251 Peachtree Blvd, Chamblee, GA 30341, USA",(470) 705-0738,5.0,https://maps.google.com/?cid=8011529065794404407,https://cortland.com/apartments/attiva-peachtree/?utm_source=gmb_site&utm_medium=organic&utm_campaign=attiva_peachtree
ChIJuXFfHp8J9YgRdgzd8Jr19VI,Peach tree plaza apartments,33.890017,-84.3013318,Chamblee,0.2777945512385893,"5353 New Peachtree Rd, Chamblee, GA 30341, USA",,,https://maps.google.com/?cid=5977954126218988662,
ChIJKXTxc_4I9YgRmwazPbGHLNw,Equity Residential,33.8871166,-84.31701729999999,Chamblee,0.6754165750017453,"6202 Jefferson Cir S, Atlanta, GA 30341, USA",(770) 837-9267,4.0,https://maps.google.com/?cid=15865204782633518747,https://www.equityapartments.com/
ChIJd3BEXW4E9YgRETdcWQdXtxw,Atlanta Apartment Finders - Padlist,33.887127,-84.317013,Chamblee,0.6751273522632308,"6404 Jefferson Cir S, Chamblee, GA 30341, USA",(202) 609-9898,5.0,https://maps.google.com/?cid=2069218242875635473,https://www.padlist.com/city/atlanta-ga
