place_id,name,lat,lng,nearest_station,distance_to_station,formatted_address,formatted_phone_number,rating,url,website
ChIJC9bIKP8F9YgRNoJ0K-lXbyA,32Hundred Lenox Apartments,33.8429996,-84.35929829999999,Buckhead,0.6592467123855592,"3200 Lenox Rd NE, Atlanta, GA 30324, USA",(770) 637-0512,2.7,https://maps.google.com/?cid=2337183390596629046,http://www.32hundredlenox.com/
ChIJgwXXNFgP9YgRGuNe7c86TPI,Cyan on Peachtree Apartments,33.849634,-84.36610999999999,Buckhead,0.14000769356183054,"3380 Peachtree Rd NE, Atlanta, GA 30326, USA",(470) 237-5669,3.5,https://maps.google.com/?cid=17459394520123630362,https://www.cyanonpeachtree.com/?utm_source=GoogleLocalListing&utm_medium=organic
ChIJ0ZYo9vQF9YgRnxY5lr8OUhw,05 Buckhead,33.84357749999999,-84.3729287,Buckhead,0.4488730157459752,"3242 Peachtree Rd NE, Atlanta, GA 30305, USA",(404) 649-5638,3.9,https://maps.google.com/?cid=2040709797174122143,https://www.gables.com/communities/georgia/atlanta/05-Buckhead/?utm_knock=gmb
ChIJM-P4wV8P9YgRfGD4S3thE1c,Axial Buckhead Apartments,33.8480983,-84.3752501,Buckhead,0.39967340945378893,"3432 Piedmont Rd NE, Atlanta, GA 30305, USA",(404) 736-9470,3.6,https://maps.google.com/?cid=6274465888040673404,https://venterraliving.com/apartments/axial-buckhead?id=GA4ABGOO&utm_source=Local%20Listings&utm_medium=referral&utm_campaign=Top%20Line%20Local
ChIJSSvHx_UF9YgRzYa4eSjKZ54,Berkshire Terminus,33.845857,-84.3710033,Buckhead,0.2566867749569472,"20 Terminus Pl Suite 1100, Atlanta, GA 30305, USA",(866) 646-5974,3.6,https://maps.google.com/?cid=11414314055783450317,https://www.berkshirecommunities.com/apartments/ga/atlanta/berkshire-terminus/?utm_source=GMB&utm_medium=organic
ChIJu9PacIsF9YgR9hogo8OMwhE,Mathieson House Apartments,33.8423278,-84.37748289999999,Buckhead,0.691248095220765,"3196 Mathieson Dr NE, Atlanta, GA 30305, USA",(404) 352-3211,,https://maps.google.com/?cid=1279740016009943798,http://ocdmanagement.net/
ChIJQ7ciaVkP9YgRHKDmLcajAsA,Post Stratford,33.8505638,-84.36841609999999,Buckhead,0.1176118970112371,"3400 Stratford Rd NE, Atlanta, GA 30326, USA",(404) 760-9986,3.1,https://maps.google.com/?cid=13835801076804526108,http://www.maac.com/georgia/atlanta/post-stratford/
ChIJ6-ZXv7oP9YgRKFNSvQ8GTYs,Apartments.com,33.8532413,-84.364227,Buckhead,0.3843896007209735,"3438 Peachtree Rd NE #1500, Atlanta, GA 30326, USA",(888) 658-7368,5.0,https://maps.google.com/?cid=10037685809149268776,https://www.apartments.com/
ChIJq6rmT1gP9YgR1MoRoEPZFaI,Icon Buckhead Luxury Apartments,33.848628,-84.36695,Buckhead,0.08261960067724759,"3372 Peachtree Rd NE, Atlanta, GA 30326, USA",(770) 809-3653,4.1,https://maps.google.com/?cid=11679480093126806228,https://www.iconbuckhead.com/?utm_knock=gmb
ChIJb5UZfIsF9YgRc-xsCP_NdFw,Julie Shield's Apartment,33.841779,-84.37749699999999,Buckhead,0.717046512436255,"3180 Mathieson Dr NE, Atlanta, GA 30305, USA",,,https://maps.google.com/?cid=6662176244029516915,
ChIJ5392Rx4P9YgRtEZ8rK0ht3k,Cortland at Phipps Plaza,33.8549733,-84.36122879999999,Buckhead,0.588055520185365,"707 Park Ave NE, Atlanta, GA 30326, USA",(404) 941-7660,4.4,https://maps.google.com/?cid=8770515829134214836,https://cortland.com/apartments/cortland-at-phipps-plaza/?utm_source=gmb_site&utm_medium=organic
ChIJAzI0Yoie4RQRkP7dX2pcFK0,O5 Buckhead,33.8435522,-84.37278289999999,Buckhead,0.4454476336682382,"3242 Peachtree Rd, Atlanta, GA 30305, USA",(855) 677-2936,5.0,https://maps.google.com/?cid=12471694880040418960,http://05buckhead.com
ChIJ_2uXnFAP9YgRHrWUXkVukLo,Camden Phipps Apartments,33.8546407,-84.3660809,Buckhead,0.41955241379692326,"700 Phipps Blvd NE, Atlanta, GA 30326, USA",(404) 261-4015,4.3,https://maps.google.com/?cid=13443366131919533342,https://www.camdenliving.com/atlanta-ga-apartments/camden-phipps
ChIJw2mPuVEP9YgRszkcSv4TPms,The Huntley,33.8550443,-84.3626846,Buckhead,0.5369422174061929,"1000 Park Ave NE, Atlanta, GA 30326, USA",(833) 263-0640,4.8,https://maps.google.com/?cid=7727635993500334515,http://www.thehuntley.com/?utm_source=yext%20-%20entrataseo&utm_medium=referral&utm_campaign=directories&utm_content=website%20click
ChIJVVVVVYUF9YgRNv6y7DDDQi0,Metrpopltan At Buckhead,33.8437855,-84.3592024,Buckhead,0.6321190818929532,"3200 Lnoxrd NE, Atlanta, GA 30305, USA",(404) 869-1905,,https://maps.google.com/?cid=3261383695066660406,
ChIJq8MoUlcP9YgRYhWECLo9QZc,Cortland,33.8516611,-84.3644939,Buckhead,0.2945374011331203,"3424 Peachtree Rd, Atlanta, GA 30326, USA",(404) 965-3988,3.3,https://maps.google.com/?cid=10899060442429396322,https://www.cortland.com/
ChIJp2dJv_MF9YgRGz4wGK8vpTM,Camden Buckhead Square Apartments,33.8398453,-84.3719555,Buckhead,0.6546871586784355,"3097 Maple Dr NE, Atlanta, GA 30305, USA",(404) 869-0303,4.2,https://maps.google.com/?cid=3721433096163180059,https://www.camdenliving.com/atlanta-ga-apartments/camden-buckhead-square
ChIJlS2RUYwF9YgRbYUv_wqnsTc,The Residence Buckhead Atlanta,33.8389559,-84.37843350000001,Buckhead,0.8952049682827682,"297 East Paces Ferry Rd NE, Atlanta, GA 30305, USA",(404) 889-8382,4.2,https://maps.google.com/?cid=4013172408636638573,http://www.simpsonpropertygroup.com/apartments/atlanta-georgia/the-residence-atlanta-buckhead
ChIJX4dvDVQP9YgRiO5ZIA99sZM,Buckhead apartments,33.8509137,-84.3579998,Buckhead,0.6123894255725644,"3460 Kingsboro Rd NE, Atlanta, GA 30326, USA",,,https://maps.google.com/?cid=10642424898373938824,
ChIJJc2PRloP9YgRbKQYn2oDuzI,Post Alexander High Rise,33.8539642,-84.3656998,Buckhead,0.3837405235469352,"600 Phipps Blvd NE, Atlanta, GA 30326, USA",(404) 841-0872,2.4,https://maps.google.com/?cid=3655519279011898476,http://www.maac.com/georgia/atlanta/post-alexander-high-rise/
ChIJe4dvDVQP9YgRGP-PmfaxAhU,Phipps Place Luxury Apartments,33.850581,-84.35806699999999,Buckhead,0.6037056791866992,"3460 Kingsboro Rd NE, Atlanta, GA 30326, USA",(404) 816-9191,4.2,https://maps.google.com/?cid=1513968097446330136,http://phippsplaceapartments.com/
ChIJ4wF0BFkP9YgRnKTWAzg9yaY,SkyHouse Buckhead,33.8498233,-84.3674305,Buckhead,0.08534323915678564,"3390 Stratford Rd NE, Atlanta, GA 30326, USA",(833) 463-5009,3.7,https://maps.google.com/?cid=12018204391406740636,http://skyhousebuckhead.com/
ChIJP1tTqPgF9YgRYQVRFagKkhg,Gables Corporate Accommodations Atlanta,33.84611599999999,-84.35995899999999,Buckhead,0.5187694886872191,"3399 Peachtree Rd Suite 600 - B, Atlanta, GA 30326, USA",(404) 923-5310,,https://maps.google.com/?cid=1770489320538441057,
ChIJlX9aRlQP9YgRI2Maen0Oafs,Kingsboro Apartments,33.8496243,-84.35755270000001,Buckhead,0.623729664631641,"3443 Kingsboro Rd NE, Atlanta, GA 30326, USA",(404) 467-7707,4.4,https://maps.google.com/?cid=18116026908156781347,http://www.kingsboro-apartments.com/
ChIJ0eAiI4oF9YgRzXGW-ileg3k,Gramercy at Buckhead,33.8455244,-84.3804242,Buckhead,0.7308408196734079,"3315 Roswell Rd, Atlanta, GA 30305, USA",(678) 974-0137,3.3,https://maps.google.com/?cid=8755945634929209805,http://www.simpsonpropertygroup.com/apartments/atlanta-georgia/gramercy-at-buckhead
ChIJRVvXGloP9YgRmp0_ll0atRI,Post Corporation Apartments,33.8526531,-84.365495,Buckhead,0.30912924926621443,"600 Phipps Blvd NE, Atlanta, GA 30326, USA",(404) 812-6469,,https://maps.google.com/?cid=1348012652722363802,
ChIJCWk2bFUP9YgRsh6Yp5lJ7aQ,Buckhead 960,33.8472721,-84.3562999,Buckhead,0.7021035634025806,"960 East Paces Ferry Rd NE, Atlanta, GA 30326, USA",(404) 869-6580,3.9,https://maps.google.com/?cid=11884235915991195314,http://www.buckhead960.com/
ChIJUSmoiFoP9YgRrGEma6-liSw,Advantage Corporation Apartments,33.8551716,-84.3653783,Buckhead,0.46771012296466963,"2407 Alexander Cir NE, Atlanta, GA 30326, USA",(404) 228-0890,,https://maps.google.com/?cid=3209278382313726380,http://www.advantageapartments.com/
ChIJ4yeQ21QP9YgRo8sLpyIdCJM,AMLI 3464,33.8489637,-84.35592249999999,Buckhead,0.7152764259909058,"3464 Roxboro Rd NE, Atlanta, GA 30326, USA",(844) 812-7729,4.5,https://maps.google.com/?cid=10594750158057753507,https://www.amli.com/apartments/atlanta/buckhead-apartments/amli-3464?switch_code=58696
ChIJneGAmlgP9YgRMBEGCWrb-fs,Waterton Associates,33.8479632,-84.3695671,Buckhead,0.09285512025386024,"3348 Peachtree Rd # 700, Atlanta, GA 30326, USA",(404) 937-2060,,https://maps.google.com/?cid=18156784621185274160,https://www.waterton.com/
ChIJA3THJygP9YgR0j9SjiwCJWk,Domain at Phipps,33.8546063,-84.36201349999999,Buckhead,0.5386603544947759,"757 Park Ave NE, Atlanta, GA 30342, USA",,,https://maps.google.com/?cid=7576464338510299090,
ChIJXRDx0a4F9YgRuxQJKx6MQ6o,BUCKHEAD CORPORATE HOUSING-SHORT TERM FURNISHED RENTALS BY IGT,33.849959,-84.35833199999999,Buckhead,0.5816448923804393,"3460 Kingsboro Rd NE # 504, Atlanta, GA 30326, USA",(404) 218-6191,4.2,https://maps.google.com/?cid=12268803871086286011,https://igtapartments.com/
ChIJe4dvDVQP9YgRSM1gnhTcsVw,Advantage Corporation Apartments,33.8509137,-84.3579998,Buckhead,0.6123894255725644,"3460 Kingsboro Rd NE, Atlanta, GA 30326, USA",(678) 974-5176,,https://maps.google.com/?cid=6679361703481757000,http://www.advantageapartments.com/
ChIJoZaNRH0P9YgRp24azniGzOY,Executive Corporate Living LLC,33.849959,-84.35833199999999,Buckhead,0.5816448923804393,"3460 Kingsboro Rd NE, Atlanta, GA 30326, USA",(678) 208-0480,5.0,https://maps.google.com/?cid=16630815377384435367,http://executivecorporateliving.com/
ChIJ0fkda2EP9YgRp8U1yMja8_w,Atlanta Corporate Apartments by Manor at Buckhead,33.8510458,-84.3794108,Buckhead,0.6531316402692041,"3556 Piedmont Rd NE, Atlanta, GA 30518, USA",(770) 614-2121,,https://maps.google.com/?cid=18227152672785810855,http://www.atlantacorporateapartments.net/
ChIJn7Lt_WMP9YgRtajQLUxJLDg,Piedmont Road High Rise,33.8531001,-84.38074879999999,Buckhead,0.7700830025151377,"3601 Piedmont Rd NE, Atlanta, GA 30305, USA",(404) 814-2106,3.0,https://maps.google.com/?cid=4047690756634224821,http://liveatpiedmontapts.com/
ChIJi-SnWFQP9YgRwfbmF_6ZYt8,Buckhead Short term Furnished Apartments by AR Corporate,33.8491417,-84.357113,Buckhead,0.6470724510362766,"3481 Lakeside Dr NE, Atlanta, GA 30326, USA",(770) 614-2121,3.0,https://maps.google.com/?cid=16096597334777329345,http://www.arcorporate.com/
