place_id,name,lat,lng,nearest_station,distance_to_station,formatted_address,formatted_phone_number,rating,url,website
ChIJFdbmU_gL9YgRywc3Eql5hyY,Dunwoody Courtyards,33.9436008,-84.3518635,North Springs,0.3227877468303273,"6873 Peachtree Dunwoody Rd, Sandy Springs, GA 30328, USA",(770) 551-9502,3.8,https://maps.google.com/?cid=2776321462359230411,http://www.dunwoodycourtyards.com/
ChIJyQKa6_gL9YgRw7gj229VbMc,The Flats at North Springs,33.9423359,-84.3548014,North Springs,0.23256908729891165,"6850 Peachtree Dunwoody Rd, Sandy Springs, GA 30328, USA",(770) 350-0221,3.1,https://maps.google.com/?cid=14369954449938692291,https://www.flatsatnorthsprings.com/?utm_source=GoogleLocalListing&utm_medium=organic
ChIJff5hFPgL9YgRZUw25PDZ5L0,Linq at North Springs,33.9453999,-84.35277409999999,North Springs,0.25577439606322505,"6919 Peachtree Dunwoody Rd, Sandy Springs, GA 30328, USA",(770) 212-3945,4.1,https://maps.google.com/?cid=13683301196502551653,http://www.linqatnorthsprings.com/
ChIJ7R-kJAUM9YgRusIQgCq7rFU,Glen Lake Apartments,33.9439067,-84.3637803,North Springs,0.38572212676778966,"6901 Glenlake Pkwy NE, Atlanta, GA 30328, USA",(770) 392-0826,3.6,https://maps.google.com/?cid=6173514980429710010,http://www.glenlakeatl.com/
ChIJQSLg9P4L9YgR6oQp51eC2G8,Mount Vernon,33.9375168,-84.349356,North Springs,0.6877367658448086,"100 Preston Woods Trail, Atlanta, GA 30338, USA",(770) 668-9292,2.8,https://maps.google.com/?cid=8059334847231526122,http://www.maac.com/georgia/atlanta/mount-vernon/
ChIJUd8DQwgM9YgRoI6ZcmAxXV4,Avia At North Springs Apartment Homes,33.9478754,-84.3553991,North Springs,0.2206956226362752,"7150 W Peachtree Dunwoody Rd, Atlanta, GA 30328, USA",(770) 671-1590,2.7,https://maps.google.com/?cid=6799645302708604576,http://www.hgliving.com/avia-at-north-springs-atlanta-ga?utm_source=GoogleMyBusiness&utm_medium=organic&utm_campaign=website_link
ChIJmQiIigkM9YgRzCnoX3duOL4,Hawthorne Gates,33.9516769,-84.35568099999999,North Springs,0.46508307056059073,"7200 Peachtree Dunwoody Rd, Atlanta, GA 30328, USA",(770) 394-9555,3.8,https://maps.google.com/?cid=13706826924891318732,http://hawthornegates.com/
ChIJBc0y6_UL9YgRhrbAci6LqH8,Dunwoody Ridge,33.952992,-84.35310299999999,North Springs,0.5959907009599303,"7227 Peachtree Dunwoody Rd, Atlanta, GA 30328, USA",(770) 399-6046,3.2,https://maps.google.com/?cid=9198755270514226822,http://www.dunwoodyridge.com/
ChIJ8zPyeP0L9YgRq9U769DGzAk,Windsor At Mt Vernon,33.9350151,-84.3464407,North Springs,0.9278342322131979,"1314 Custis Ct, Atlanta, GA 30338, USA",(770) 696-4774,,https://maps.google.com/?cid=706157842192389547,
ChIJ0Uj9h_0L9YgRhod4kpZ5dnw,Mount Vernon Flats at Perimeter,33.93488080000001,-84.3473738,North Springs,0.9001867936228873,"1265 Mount Vernon Hwy, Atlanta, GA 30338, USA",(770) 512-0220,3.8,https://maps.google.com/?cid=8968489395564349318,http://www.mountvernonflats.com/
ChIJc0RZ4f0L9YgRiVQfGrwzGy0,Windsor at Mount Vernon,33.9353244,-84.34921849999999,North Springs,0.8123555162157076,"1265 Mount Vernon Highway, Atlanta, GA 30338, USA",,3.0,https://maps.google.com/?cid=3250248439063073929,https://www.mountvernonflats.com/
ChIJOZA9fgIM9YgREmPzJE3ciUY,Corporate Housing by Owner,33.936299,-84.36206899999999,North Springs,0.6646764933479384,"10 Glenlake Pkwy NE #130, Atlanta, GA 30328, USA",(877) 333-2426,,https://maps.google.com/?cid=5082835878354838290,http://www.corporatehousingbyowner.com/
