place_id,name,lat,lng,nearest_station,distance_to_station,formatted_address,formatted_phone_number,rating,url,website
ChIJS2SldEME9YgR_XX_IrXQefQ,Furnished Apartments Atlanta,33.7847658,-84.3834107,Midtown,0.3026548273324554,"1100 Peachtree St NE STE 200, Atlanta, GA 30309, USA",(770) 766-3365,4.8,https://maps.google.com/?cid=17616340893831230973,http://furnished-apts.com/
ChIJzYSEBUME9YgRT1yH2dSMRYg,77 12th,33.7843446,-84.3849456,Midtown,0.23618094706038958,"77 12th St NE, Atlanta, GA 30309, USA",(404) 872-9080,4.0,https://maps.google.com/?cid=9819409408361716815,http://www.7712th.com/
ChIJAyIAK0ME9YgRscljnBrnoSI,Sixty11th Luxury Midtown Apartments,33.7835713,-84.3851713,Midtown,0.18175911255295205,"60 11th St NE, Atlanta, GA 30309, USA",(404) 442-0771,4.3,https://maps.google.com/?cid=2495529770018916785,http://sixty11th.com/
ChIJtc92KEIE9YgRO8Tu2-sEODA,Azure on the Park,33.7825242,-84.3805988,Midtown,0.3448081465488007,"1020 Piedmont Ave NE, Atlanta, GA 30309, USA",(833) 416-0125,4.4,https://maps.google.com/?cid=3474532523570021435,https://www.azuremidtown.com/?utm_source=GMB&utm_medium=organic
ChIJOzubW68F9YgRwomNWOyuxrs,1045 on the Park Apartment Homes,33.78294500000001,-84.379707,Midtown,0.4024210530435605,"1045 Piedmont Ave NE, Atlanta, GA 30309, USA",(678) 944-9409,5.0,https://maps.google.com/?cid=13530694460602419650,https://www.1045onthepark.com/
ChIJzYSEBUME9YgRuwpGyeqbGgs,Atlanta's Phoenix Properties,33.783997,-84.38358699999999,Midtown,0.25393887749754257,"1080 Peachtree St NE Number 1608, Atlanta, GA 30309, USA",(678) 758-1069,1.0,https://maps.google.com/?cid=800123316513147579,http://www.luxurysalesatlanta.com/
ChIJf-aCvkEE9YgRZrFffg2QJUg,Post Parkside Atlanta,33.782088,-84.3785299,Midtown,0.45498491607126346,"250 10th St NE, Atlanta, GA 30309, USA",(404) 817-8030,3.5,https://maps.google.com/?cid=5198719732498280806,http://www.maac.com/georgia/atlanta/post-parkside-atlanta/
ChIJGYhk4kME9YgRm-TWU1F9fVk,YOO on the Park,33.7851472,-84.3801806,Midtown,0.45050261586377255,"207 13th St NE, Atlanta, GA 30309, USA",(678) 608-4250,3.9,https://maps.google.com/?cid=6448448029716833435,https://wheredoyoolive.com/?utm_source=GoogleMyBusiness&utm_medium=Organic
ChIJXa6q1UIE9YgRN3ATu9Kefgo,Post Midtown Atlanta,33.7829497,-84.3865653,Midtown,0.12636443014763135,"33 11th St NE, Atlanta, GA 30309, USA",(404) 600-1114,3.4,https://maps.google.com/?cid=756216415363756087,http://www.maac.com/georgia/atlanta/post-midtown/
ChIJx9wj3uoF9YgRBJL5GA6EDDg,Vireo Midtown Apartments,33.7851734,-84.3809405,Midtown,0.4181023540534254,"195 13th St NE, Atlanta, GA 30309, USA",(678) 304-0394,4.6,https://maps.google.com/?cid=4038748161927909892,https://vireoatlanta.com/?utm_source=GMB&utm_medium=organic
ChIJNYJTZEEE9YgR9q8Lr96J-xk,Piedmont House,33.7838008,-84.3804067,Midtown,0.38864402961372196,"205 12th St NE, Atlanta, GA 30309, USA",(404) 445-1859,4.9,https://maps.google.com/?cid=1872241659615096822,https://www.piedmonthouseapts.com/?utm_source=GoogleLocalListing&utm_medium=organic
ChIJ75e8ImkE9YgR4H9A5K1GxUY,Broadstone Midtown,33.7771428,-84.3827209,Midtown,0.3449308963028252,"811 Juniper St NE, Atlanta, GA 30308, USA",(404) 541-0833,3.7,https://maps.google.com/?cid=5099559865739673568,http://broadstonemidtown.com/
ChIJ-ygzflsE9YgRFnV8S1xQ5OU,Icon Midtown Luxury Apartments,33.7861529,-84.3885287,Midtown,0.3684975882631482,"22 14th St NW, Atlanta, GA 30309, USA",(470) 558-0788,4.0,https://maps.google.com/?cid=16565453686709187862,https://iconmidtown.com//?utm_knock=gmb
ChIJr7zKzGcE9YgRruPzIkImKgc,Biltmore at Midtown Apartments,33.7776776,-84.3870797,Midtown,0.2412729518075123,"855 W Peachtree St NW, Atlanta, GA 30308, USA",(404) 888-0822,3.8,https://maps.google.com/?cid=516267172783449006,http://www.biltmoreatmidtown-apts.com/
ChIJiQ6H8l0E9YgRuNf8HKchVmQ,100 Midtown Apartments,33.781059,-84.39016699999999,Midtown,0.21966584050344573,"100 10th St NW, Atlanta, GA 30309, USA",(404) 891-1933,2.6,https://maps.google.com/?cid=7230003253419497400,https://www.100midtown.com/
ChIJB5SgA0QE9YgREjOFKgKGDAg,Windsor at Midtown,33.7870808,-84.38072059999999,Midtown,0.522964306784804,"222 14th St NE, Atlanta, GA 30309, USA",(844) 560-4885,4.0,https://maps.google.com/?cid=579985795885380370,https://www.windsoratmidtown.com/?utm_source=google&utm_medium=gmb
ChIJid923FAF9YgRyuNIZHlRKJM,Alexan on 8th,33.7788608,-84.3875565,Midtown,0.17078005047076988,"880 W Peachtree St NW, Atlanta, GA 30309, USA",(678) 498-2362,3.7,https://maps.google.com/?cid=10603814904459224010,https://alexanon8thapartments.com/
ChIJ_1HFSkME9YgRA1Jk2QZfwdQ,12th Street West Apartment Homes,33.784781,-84.3857031,Midtown,0.2547210711654702,"60 12th St NE, Atlanta, GA 30309, USA",(404) 874-8481,3.6,https://maps.google.com/?cid=15330639089567552003,
ChIJq-WgFWgE9YgRxxQw2wsiSms,900 Peachtree Lofts,33.7791571,-84.3843843,Midtown,0.1766561754266309,"900 Peachtree St NE, Atlanta, GA 30309, USA",(404) 876-6432,,https://maps.google.com/?cid=7731029144652223687,http://bradenfellman.com/apartments/loftsat900/
ChIJkWbdQ0IE9YgRzj_x_EiLc3Y,Juniper & Tenth Highrise,33.782139,-84.382166,Midtown,0.2507882273514173,"150 10th St NE, Atlanta, GA 30309, USA",(404) 249-1322,4.3,https://maps.google.com/?cid=8535318864394797006,
ChIJrWFRAVsE9YgRhXUbek52MZc,AMLI Arts Center,33.7887819,-84.3880696,Midtown,0.5369137292316004,"1240 W Peachtree St NW, Atlanta, GA 30309, USA",(855) 207-8506,4.1,https://maps.google.com/?cid=10894619053014087045,https://www.amli.com/apartments/atlanta/midtown-apartments/amli-arts-center?switch_code=58696
ChIJ-6A8YlsE9YgRcLfwCga0Re4,Atlantic House,33.7861088,-84.38747049999999,Midtown,0.349481250105032,"1163 W Peachtree St NE, Atlanta, GA 30309, USA",(404) 649-5434,4.4,https://maps.google.com/?cid=17169327092466235248,http://atlantichousemidtown.com/?utm_source=Kool%20Source&utm_medium=SEO
ChIJo0YKQ28E9YgRGLjQjVGmGlQ,Solace on Peachtree,33.7741828,-84.3848792,Midtown,0.48590733939457814,"710 Peachtree St NE, Atlanta, GA 30308, USA",(404) 737-0427,3.0,https://maps.google.com/?cid=6060339117782251544,https://www.solaceonpeachtree.com/
ChIJg6E4R2YE9YgR5rOOcMZ1qrU,Gardenwood Apartments LLC,33.7769584,-84.3869356,Midtown,0.28913263343579054,"817 W Peachtree St NW, Atlanta, GA 30308, USA",(404) 892-3405,,https://maps.google.com/?cid=13090404762058142694,
ChIJJ4N2SGcE9YgRQioXothHkl0,Modera Midtown,33.7800213,-84.3900752,Midtown,0.2274350138621146,"95 8th St NW, Atlanta, GA 30309, USA",(866) 817-0040,3.2,https://maps.google.com/?cid=6742530587884988994,https://www.moderamidtown.com/?utm_source=GMB&utm_medium=organic&utm_campaign=Local
ChIJH7f6nl0E9YgRXYsYDxlpUvY,Hanover West Peachtree,33.7817916,-84.3886795,Midtown,0.14166615527549298,"1010 W Peachtree St NW, Atlanta, GA 30309, USA",(404) 334-4061,4.4,https://maps.google.com/?cid=17749364637768911709,https://www.hanoverwestpeachtree.com/
ChIJa5x-k2gE9YgRlqdEIazVujc,Legacy Apartment Homes,33.7765132,-84.3848754,Midtown,0.3290021824815755,"800 W Peachtree St NW, Atlanta, GA 30308, USA",,,https://maps.google.com/?cid=4015756953023457174,
ChIJJxRPlGcE9YgRQ7RtfOiIW9Q,Nine15 Midtown Apartments,33.7797394,-84.3867657,Midtown,0.09843493529927094,"915 W Peachtree St NW, Atlanta, GA 30309, USA",(470) 206-9990,4.0,https://maps.google.com/?cid=15301974691022746691,https://www.nine15midtown.com/
ChIJ5-m-TGgE9YgRHW0jrngonD0,Hanover Midtown,33.7786417,-84.3828376,Midtown,0.26491634524551894,"888 Juniper St NE, Atlanta, GA 30309, USA",(470) 419-7908,4.7,https://maps.google.com/?cid=4439467831463210269,https://www.hanovermidtown.com/
ChIJ_5DkQkME9YgRMlYMdsZqQE4,Crescent Place Apartments,33.7854413,-84.3844392,Midtown,0.31718058259312326,"1122 Crescent Ave NE, Atlanta, GA 30309, USA",(404) 460-7500,2.7,https://maps.google.com/?cid=5638624134084449842,http://www.1122crescent.com/
ChIJjcHMuGgE9YgRDU282xWbvMk,Trace,33.7760019,-84.3849046,Midtown,0.36277212063150877,"782 Peachtree St NE, Atlanta, GA 30308, USA",(888) 845-0728,4.0,https://maps.google.com/?cid=14536664215428287757,https://tracemidtown.com/
ChIJFS69QmcE9YgRdJQuZG6iyQs,UH Midtown,33.779952,-84.38952119999999,Midtown,0.19956182019312593,"930 Spring St NW, Atlanta, GA 30309, USA",(404) 815-1170,3.9,https://maps.google.com/?cid=849388599746925684,https://uhmidtown.com/
ChIJf-aCvkEE9YgReGIjtrqbiP0,Advantage Corporation Apartments,33.7820047,-84.3788565,Midtown,0.43556220249486793,"250 10th St NE, Atlanta, GA 30309, USA",(404) 343-0981,,https://maps.google.com/?cid=18269023114650411640,http://www.advantageapartments.com/
ChIJmSzVW0EE9YgRjqg3ui1b8eY,"StayTony Midtown, Atlanta",33.7850937,-84.3801515,Midtown,0.4495710764200608,"207 13th St NE, Atlanta, GA 30309, USA",(404) 973-2425,5.0,https://maps.google.com/?cid=16641182350066559118,https://staytony.com/atlanta-midtown/
ChIJkTO--VoE9YgRrYdluoTxB5g,Club Tower Apartments,33.7896957,-84.38812399999999,Midtown,0.5994537391079012,"1280 W Peachtree St NW, Atlanta, GA 30309, USA",(404) 892-1209,,https://maps.google.com/?cid=10954990170967213997,
ChIJSTzX81wE9YgROjXNgo9VbIY,SkyHouse Midtown,33.7846871,-84.3882455,Midtown,0.26862702927135,"1080 W Peachtree St NW, Atlanta, GA 30309, USA",(833) 883-4771,4.2,https://maps.google.com/?cid=9686210973430265146,http://skyhousemidtown.com/
ChIJ_bTkQmwE9YgRbixAIg3MOBU,685 Penn Avenue Apartments,33.77322,-84.3786406,Midtown,0.7026842182796672,"685 Penn Ave NE, Atlanta, GA 30308, USA",(833) 834-1338,3.3,https://maps.google.com/?cid=1529196430273555566,
ChIJ2ZgH-loE9YgRRDvo0MDL_VU,MOVEINOW LLC,33.789796,-84.38801099999999,Midtown,0.6052063185269022,"1280 W Peachtree St NW UNIT 1912, Atlanta, GA 30309, USA",(678) 815-8880,,https://maps.google.com/?cid=6196332691330710340,
ChIJX7tx_GgE9YgRAOWMgxKNZII,SkyHouse South,33.7774899,-84.3831987,Midtown,0.30932775777189625,"100 6th St NE, Atlanta, GA 30308, USA",(833) 570-6835,4.4,https://maps.google.com/?cid=9395789833257673984,http://skyhousesouth.com/
ChIJAQBAf24E9YgRsPXE8veOPc4,Apartments Atlanta GA,33.771607,-84.381321,Midtown,0.7170360865378693,"625 Piedmont Ave NE, Atlanta, GA 30308, USA",(404) 685-1661,,https://maps.google.com/?cid=14861191540973565360,
ChIJMVrtam8E9YgRt9P8Ar5duNI,Lilli Midtown,33.7734983,-84.3843893,Midtown,0.5376323542414361,"693 Peachtree St NE, Atlanta, GA 30308, USA",(404) 948-6693,4.8,https://maps.google.com/?cid=15183989214354920375,https://www.lillimidtown.com/
ChIJ-UiZ_FoE9YgRsZQBQkBCwSg,Arts Center Tower,33.789322,-84.3880022,Midtown,0.5728860655986492,"1270 W Peachtree St NW, Atlanta, GA 30309, USA",(833) 850-7296,4.1,https://maps.google.com/?cid=2936701275775014065,http://liveartscentertower.com/
ChIJVVUV5W4E9YgREPmg1CVS1R0,Marq on Ponce,33.7726,-84.38247369999999,Midtown,0.628506871408927,"144 Ponce De Leon Ave NE, Atlanta, GA 30308, USA",(888) 226-0742,3.6,https://maps.google.com/?cid=2149714719573866768,https://www.cwsapartments.com/marq-on-ponce-atlanta-ga/?utm_source=googlemybusiness&utm_medium=organic&utm_campaign=website_link
ChIJZdHKa1sE9YgRREYX90wB8Tw,Orr a Summey III,33.7870711,-84.38735989999999,Midtown,0.41390714042322235,"1201 Peachtree St NE, Atlanta, GA 30309, USA",(404) 812-8100,,https://maps.google.com/?cid=4391292541737584196,
ChIJjzSdA0QE9YgR8PHIr1MBpkk,Advantage Corporation Apartments,33.78701600000001,-84.380719,Midtown,0.5195236679595698,"222 14th St NE, Atlanta, GA 30309, USA",(866) 282-2503,,https://maps.google.com/?cid=5306930669845803504,http://www.advantageapartments.com/index.asp
ChIJl0JGPmwF9YgR5u0JVT2-VbE,Spectrum on Spring,33.7897583,-84.3895083,Midtown,0.622144999536738,"1270 Spring St NW, Atlanta, GA 30309, USA",(833) 574-7143,4.3,https://maps.google.com/?cid=12778328688362647014,https://www.spectrumonspring.com/spectrum-on-spring-atlanta-ga?utm_source=GoogleMyBusiness&utm_medium=organic&utm_campaign=website_link
ChIJD0Z-VG4E9YgR0Ad9iA9G6R4,131 Ponce Apartments,33.771828,-84.38265,Midtown,0.6752414988685121,"131 Ponce De Leon Ave NE, Atlanta, GA 30308, USA",(404) 600-8701,3.2,https://maps.google.com/?cid=2227388523239770064,http://www.live131ponce.com/
ChIJq6pag0QE9YgRV41SpGB8PLY,StayTony MidTown Atlanta Leasing Office,33.786561,-84.387833,Midtown,0.38424286598035506,"1170 W Peachtree St NW #1200, Atlanta, GA 30309, USA",(404) 973-2425,5.0,https://maps.google.com/?cid=13131507368021101911,https://staytony.com/atlanta-midtown/
ChIJeVwPTGwE9YgRVoLQt21YZ7Y,Camden Midtown Atlanta Apartments,33.7714266,-84.378793,Midtown,0.7975108324312442,"265 Ponce De Leon Ave NE, Atlanta, GA 30308, USA",(404) 347-9200,4.5,https://maps.google.com/?cid=13143571265762656854,https://www.camdenliving.com/atlanta-ga-apartments/camden-midtown-atlanta
ChIJR7INyBYF9YgRq0kUFQ2L_yU,253 14th st ne 30309,33.786335,-84.3791331,Midtown,0.5490812627129296,"259 14th St NE, Atlanta, GA 30309, USA",(770) 256-2787,,https://maps.google.com/?cid=2738059986769037739,
ChIJx3fM0WwE9YgRKIHdaYEkGk0,Deerfield Building Apartments,33.7724733,-84.3757125,Midtown,0.8546745257457911,"360 Ponce De Leon Ave NE, Atlanta, GA 30308, USA",(678) 886-5290,4.0,https://maps.google.com/?cid=5555793228560433448,http://www.johnmorrisonproperties.com/deerfield
ChIJLTdKMdYF9YgR4o_f9iwndV4,816 Piedmont Ave NE,33.7768375,-84.3815439,Midtown,0.40480184624514187,"816 Piedmont Ave NE, Atlanta, GA 30308, USA",,,https://maps.google.com/?cid=6806389485914263522,
ChIJ6Wll_DMF9YgRKo9JCKtxspo,160-164 4th ST apartments,33.7748484,-84.3820813,Midtown,0.49751785156407735,"164 4th St NE, Atlanta, GA 30308, USA",,,https://maps.google.com/?cid=11147097007087783722,
ChIJ3dnV8j8E9YgRgXfrjOHRw_M,Townhouse 10th,33.7815209,-84.3747326,Midtown,0.6692177893011086,"381 10th St NE Unit #3, Atlanta, GA 30309, USA",(404) 405-6000,,https://maps.google.com/?cid=17565113738337154945,
