place_id,name,lat,lng,nearest_station,distance_to_station,formatted_address,formatted_phone_number,rating,url,website
ChIJ8QQ4pnME9YgRuWWISbxlSpo,The Prato at Midtown,33.765844,-84.37869239999999,Peachtree Center,0.7544984601211573,"400 Central Park Pl NE, Atlanta, GA 30308, USA",(833) 817-1891,3.3,https://maps.google.com/?cid=11117810489479423417,https://www.thepratoatmidtown-apts.com/?utm_source=GoogleLocalListing&utm_medium=organic
ChIJW753I3EE9YgRPIrVZI9jerE,Century Skyline Apartments,33.7654122,-84.38293829999999,Peachtree Center,0.5838390967160527,"396 Piedmont Ave NE, Atlanta, GA 30308, USA",(404) 594-6418,3.2,https://maps.google.com/?cid=12788643559395134012,http://www.century-apartments.com/century-skyline-atlanta-ga
ChIJTeBku34E9YgRc9U1cdRHAag,Post Centennial Park,33.763586,-84.3912454,Peachtree Center,0.43346516107690586,"325 Centennial Olympic Park Dr NW, Atlanta, GA 30313, USA",(678) 649-4155,2.9,https://maps.google.com/?cid=12106036251106596211,http://www.maac.com/georgia/atlanta/post-centennial-park/
ChIJ_cF78HYE9YgRr2YoF3KZcqc,Altitude,33.7615621,-84.38243489999999,Peachtree Center,0.39594960143821584,"250 Piedmont Ave NE, Atlanta, GA 30308, USA",(404) 973-2846,3.3,https://maps.google.com/?cid=12065875066972825263,https://www.livealtitudeatlanta.com/
ChIJrdTNI4gD9YgRXAwqUbdnj54,One12 Courtland Apartments,33.7572368,-84.3847194,Peachtree Center,0.18570274860941263,"112 Courtland St NE, Atlanta, GA 30303, USA",(404) 584-2464,2.1,https://maps.google.com/?cid=11425464816700623964,https://www.one12courtland.com/?utm_source=google&utm_medium=google%20my%20business&utm_campaign=website%20button
ChIJKQj1f3cE9YgRvz31ubbyQ-U,ashford at stoneridge apartments,33.7611653,-84.3856723,Peachtree Center,0.2515382328687136,"245 Peachtree Center Ave NE, Atlanta, GA 30303, USA",(855) 980-6796,,https://maps.google.com/?cid=16520314724742938047,
ChIJh2xtLYYD9YgR6dYotPlD8fc,Dwell ATL Luxury Apartments,33.7553013,-84.38158,Peachtree Center,0.40397832067766426,"171 Auburn Ave NE, Atlanta, GA 30303, USA",(844) 209-8016,3.2,https://maps.google.com/?cid=17866135936503961321,https://www.liveatdwellatl.com/?switch_cls[id]=64509&utm_source=google%20-%20entrataseo&utm_medium=organic&utm_campaign=gmb&utm_content=website%20click
ChIJGysJ5IYD9YgRVq8BBT0FeIM,Muses Lofts,33.7554188,-84.3896182,Peachtree Center,0.20505120448475184,"50 Peachtree St STE 100, Atlanta, GA 30303, USA",(404) 523-7344,4.6,https://maps.google.com/?cid=9473327575808978774,http://www.livethemuses.com/
ChIJAQDQeHcE9YgRnn46CRwNCGs,Scarlett Place Apartments,33.7611653,-84.3856723,Peachtree Center,0.2515382328687136,"245 Peachtree Center Ave NE, Atlanta, GA 30303, USA",(866) 591-0778,,https://maps.google.com/?cid=7712428775937048222,http://www.scarlettplaceatlapts.com/scarlett-place-atl-apts-jonesboro-ga/neighborhood
ChIJHc4R9_wE9YgRVZODpfHMYcw,TriBridge Residential,33.756848,-84.3886,Peachtree Center,0.09043378666688139,"100 Peachtree St NW, Atlanta, GA 30303, USA",(404) 352-2800,2.9,https://maps.google.com/?cid=14727277594714280789,http://tribridgeresidential.com/
ChIJ27wrj4kD9YgRhOeEudS5Q6I,Bethel Towers,33.756207,-84.3808203,Peachtree Center,0.42109036559540447,"Jesse Hill Jr Dr NE, Atlanta, GA 30303, USA",(404) 659-6728,2.0,https://maps.google.com/?cid=11692393380880639876,
ChIJ-4zc6cAF9YgRxwm579MJkL0,Generation Atlanta,33.7655219,-84.3913319,Peachtree Center,0.557383239424971,"369 Centennial Olympic Park Dr NW, Atlanta, GA 30313, USA",(404) 975-4585,5.0,https://maps.google.com/?cid=13659428475679345095,https://generationatl.com/
ChIJnQ2wMocD9YgRM5d5plbM6hY,Madison House,33.7570877,-84.391044,Peachtree Center,0.19576188122710375,"87 Walton St NW, Atlanta, GA 30303, USA",,,https://maps.google.com/?cid=1651356885916948275,http://madisonhouseinc.com/
ChIJ7_yk_3sE9YgRT-n-E1DcsAE,Centennial House Condos,33.7641231,-84.3908331,Peachtree Center,0.4572029086187856,"115 W Peachtree Pl NW, Atlanta, GA 30313, USA",(404) 688-0292,4.5,https://maps.google.com/?cid=121839426429970767,
ChIJS0czEYID9YgRp4T93EqxErs,Sylvan-Factory Partners,33.7523074,-84.3953267,Peachtree Center,0.5831243079714477,"233 Mitchell St SW # 345, Atlanta, GA 30303, USA",(404) 521-9010,5.0,https://maps.google.com/?cid=13480031569766614183,
ChIJb4F4PYMD9YgRmHWVqjtvWhE,MC Kiser Lofts,33.7489582,-84.39271140000001,Peachtree Center,0.6830118632048486,"210 Pryor St SW, Atlanta, GA 30303, USA",(866) 691-8098,2.7,https://maps.google.com/?cid=1250434148604409240,http://www.mckiserlofts.com/
ChIJmy2YWWkV9YgRFwKjnBFq8qQ,AMLI Management Company,33.7615226,-84.38796119999999,Peachtree Center,0.24388636872995195,"260 W Peachtree St NW #1700, Atlanta, GA 30303, USA",(770) 281-3300,5.0,https://maps.google.com/?cid=11885678990459077143,http://www.amli.com/
ChIJwxsGFtoD9YgRPCBl9s1SUM4,Platform Apartments,33.7476997,-84.3788223,Peachtree Center,0.877959637456382,"290 M.L.K. Jr Dr SE, Atlanta, GA 30312, USA",(833) 317-1150,4.5,https://maps.google.com/?cid=14866473414505603132,https://www.lifeatplatformapartments.com/?utm_source=google&utm_medium=organic&utm_campaign=google-my-business&utm_term=11230
ChIJOUonqHAE9YgRir5CGBoKHRc,Commons at Imperial Hotel,33.7640242,-84.3855354,Peachtree Center,0.4364118857100969,"355 Peachtree St NE, Atlanta, GA 30308, USA",(404) 410-1420,4.2,https://maps.google.com/?cid=1665498544389406346,https://www.nationalchurchresidences.org/communities/ga/atlanta/commons-at-imperial-hotel
