place_id,name,lat,lng,nearest_station,distance_to_station,formatted_address,url,formatted_phone_number,rating,website
ChIJqwVKwKni9IgRSnItNJPyvu0,Syah Apartments,33.6705547,-84.44452559999999,East Point,0.5258707809618203,"3100 E Point St, Atlanta, GA 30344, USA",https://maps.google.com/?cid=17131396746613453386,,,
ChIJUaK5v6kd9YgRMwnxYN2H7zk,Mallalieu Pointe,33.683826,-84.44174900000002,East Point,0.44621648644201245,"2627 Church St, East Point, GA 30344, USA",https://maps.google.com/?cid=4174704764479670579,(404) 620-7831,3.2,http://wodagroup.com/mallalieupointe
ChIJAQAAAFAd9YgRIuQn95QRoA4,Wyncove Apartment,33.6832181,-84.44877199999999,East Point,0.6188476188517016,"Atlanta, GA 30344, USA",https://maps.google.com/?cid=1053861644304114722,(404) 963-1708,,
ChIJl0a_56bi9IgRobHZoS0cuZ0,Clifton Royale,33.66872050000001,-84.45298009999999,East Point,0.9338765914990127,"1954 Dunlap Ave, East Point, GA 30344, USA",https://maps.google.com/?cid=11365146116960661921,(404) 343-4511,2.0,
ChIJIT1H5qbi9IgRsvFOUHAQw6A,Stella Royal Apartments,33.6688342,-84.45249129999999,East Point,0.9073401732868079,"1947 Dunlap Ave, East Point, GA 30344, USA",https://maps.google.com/?cid=11584120741096780210,(404) 761-8330,,
