place_id,name,lat,lng,nearest_station,distance_to_station,formatted_address,formatted_phone_number,rating,url,website
ChIJ3T7dpNEG9YgRasCVPNeY-pA,Candler Park Apartments,33.7628445,-84.3205997,East Lake,0.46978304743441474,"2044 DeKalb Ave NE, Atlanta, GA 30307, USA",(404) 352-3211,5.0,https://maps.google.com/?cid=10446830335841124458,http://ocdmanagement.net/
ChIJM7MKJiQH9YgRJsNBMBAdXJ4,Adair Oaks Apartments,33.7697342,-84.30735829999999,East Lake,0.44781260693644576,"212 Adair St, Decatur, GA 30030, USA",(404) 876-6432,3.1,https://maps.google.com/?cid=11411027511216292646,https://camelliadecatur.com/
ChIJC7SajiwH9YgR28YZid8i96U,Spring Pointe Apartments,33.7569873,-84.3055248,East Lake,0.7100447533618376,"1301 Oakview Rd, Decatur, GA 30030, USA",(404) 687-9385,3.7,https://maps.google.com/?cid=11959065678978860763,http://www.springpointeapartments.org/
ChIJGwnvPtIG9YgRlCNTXMFK9HY,Presley Woods Apartments,33.759747,-84.321122,East Lake,0.6028478562235081,"265 Kirkwood Rd NE, Atlanta, GA 30317, USA",(404) 373-2090,1.8,https://maps.google.com/?cid=8571558185130992532,
ChIJqcnaWiMH9YgRF8KU9N5rTsM,Park Trace Apartments,33.7717611,-84.3025512,East Lake,0.749458151151036,"700 Atlanta Ave, Decatur, GA 30030, USA",(404) 371-0887,3.2,https://maps.google.com/?cid=14073304490909680151,http://www.parktracesage.com/
ChIJE36F5Nuq9YgR_c-37IQrBQE,Parkway Grand,33.7722515,-84.30420120000001,East Lake,0.6990509385475384,"100 Woodbury Pl, Decatur, GA 30034, USA",(678) 540-1127,,https://maps.google.com/?cid=73512818828627965,https://www.parkwaygrand.com/contact
ChIJnT8Bg0UH9YgRmsU1-cF6T8w,Camellia Decatur,33.7696036,-84.30733719999999,East Lake,0.44248523658932215,"212 Adair St, Decatur, GA 30030, USA",(404) 876-6432,,https://maps.google.com/?cid=14722120680425768346,http://camelliadecatur.com/
ChIJnVKoKCMH9YgRlE7gc4sQ3mc,Trinity Walk Apartments,33.7743392,-84.3023876,East Lake,0.8746089000191312,"421 W Trinity Pl, Decatur, GA 30030, USA",(470) 310-3460,4.0,https://maps.google.com/?cid=7484437821866921620,http://www.decaturhousing.org/assistedhousing.html
