place_id,name,lat,lng,nearest_station,distance_to_station,formatted_address,formatted_phone_number,rating,url,website
ChIJTeBku34E9YgRc9U1cdRHAag,Post Centennial Park,33.763586,-84.3912454,Dome,0.5784337301787157,"325 Centennial Olympic Park Dr NW, Atlanta, GA 30313, USA",(678) 649-4155,2.9,https://maps.google.com/?cid=12106036251106596211,http://www.maac.com/georgia/atlanta/post-centennial-park/
ChIJb4F4PYMD9YgRmHWVqjtvWhE,MC Kiser Lofts,33.7489582,-84.39271140000001,Dome,0.5750034693219613,"210 Pryor St SW, Atlanta, GA 30303, USA",(866) 691-8098,2.7,https://maps.google.com/?cid=1250434148604409240,http://www.mckiserlofts.com/
ChIJkxaP8nsD9YgRBgG6AMX6KUs,Northside Plaza Apartments,33.7533627,-84.40237049999999,Dome,0.39098476828786627,"440 Markham St SW, Atlanta, GA 30313, USA",(404) 688-9019,3.5,https://maps.google.com/?cid=5416135750917423366,http://www.liveatnorthsideplaza.com/
ChIJA4eHtHsD9YgRgpbuFol2N_c,Intown Apartments & Lofts,33.7500392,-84.4033955,Dome,0.590243314201711,"170 Northside Dr SW, Atlanta, GA 30313, USA",(404) 522-7598,2.4,https://maps.google.com/?cid=17813837182254618242,http://www.intownloftsapartments.net/
ChIJGysJ5IYD9YgRVq8BBT0FeIM,Muses Lofts,33.7554188,-84.3896182,Dome,0.41975312107858265,"50 Peachtree St STE 100, Atlanta, GA 30303, USA",(404) 523-7344,4.6,https://maps.google.com/?cid=9473327575808978774,http://www.livethemuses.com/
ChIJQwd7g4QE9YgRQVj64Pa8PKA,The Point at Westside,33.7650738,-84.40441249999999,Dome,0.7321381677012845,"370 Northside Dr NW, Atlanta, GA 30318, USA",(404) 418-4379,2.6,https://maps.google.com/?cid=11546311313193588801,http://www.pointatwestside.com/?utm_source=googlemybusiness&utm_medium=organic&utm_campaign=website_link
ChIJAZ194ngD9YgR7YKlPsWc07s,Fulton Supply Lofts,33.7513235,-84.3989038,Dome,0.38236865067816156,"342 Nelson St SW, Atlanta, GA 30313, USA",(404) 775-9299,3.7,https://maps.google.com/?cid=13534333676151997165,http://www.fultonsupplylofts.com/
ChIJHc4R9_wE9YgRVZODpfHMYcw,TriBridge Residential,33.756848,-84.3886,Dome,0.4710440713740533,"100 Peachtree St NW, Atlanta, GA 30303, USA",(404) 352-2800,2.9,https://maps.google.com/?cid=14727277594714280789,http://tribridgeresidential.com/
ChIJt_1SdHwD9YgR-yBIknzDDk8,Friendship Tower Apartments,33.7535032,-84.40322669999999,Dome,0.42760936952710416,"35 Northside Dr SW, Atlanta, GA 30313, USA",(404) 681-2873,3.7,https://maps.google.com/?cid=5696705518467817723,
ChIJ9fZsFn0D9YgR-7ATiRg55do,Vllla At the Dome,33.7571223,-84.404834,Dome,0.465394095154342,"515 Rhodes St NW, Atlanta, GA 30314, USA",(404) 996-2046,4.4,https://maps.google.com/?cid=15773076047476797691,
ChIJM7Nlf4QE9YgRvnwImexpLL4,Northside Village Apartments,33.7651228,-84.4049962,Dome,0.7554224678432492,"370 Northside Dr NW, Atlanta, GA 30318, USA",(404) 522-4826,5.0,https://maps.google.com/?cid=13703444231082245310,
ChIJ7_yk_3sE9YgRT-n-E1DcsAE,Centennial House Condos,33.7641231,-84.3908331,Dome,0.6224029386976573,"115 W Peachtree Pl NW, Atlanta, GA 30313, USA",(404) 688-0292,4.5,https://maps.google.com/?cid=121839426429970767,
ChIJKQj1f3cE9YgRvz31ubbyQ-U,ashford at stoneridge apartments,33.7611653,-84.3856723,Dome,0.7130915075308565,"245 Peachtree Center Ave NE, Atlanta, GA 30303, USA",(855) 980-6796,,https://maps.google.com/?cid=16520314724742938047,
ChIJmy2YWWkV9YgRFwKjnBFq8qQ,AMLI Management Company,33.7615226,-84.38796119999999,Dome,0.6112159390413174,"260 W Peachtree St NW #1700, Atlanta, GA 30303, USA",(770) 281-3300,5.0,https://maps.google.com/?cid=11885678990459077143,http://www.amli.com/
ChIJwwpL5nwD9YgR8WsfMVA2wP0,The Residences at CityCenter Apartments,33.755736,-84.40470599999999,Dome,0.4602025368366515,"55 Maple St NW, Atlanta, GA 30314, USA",(844) 361-5655,3.6,https://maps.google.com/?cid=18284674205173640177,https://bhmanagement.com/communities/the-residences-at-citycenter-apartments/
ChIJjaxHa4MD9YgRiFw9e1lKeiY,City Plaza Apartments,33.7490379,-84.3918612,Dome,0.5917702996015436,"133 Trinity Ave SW, Atlanta, GA 30303, USA",(404) 681-4750,3.9,https://maps.google.com/?cid=2772610268780125320,http://www.cityplazajmg.com/
ChIJrdTNI4gD9YgRXAwqUbdnj54,One12 Courtland Apartments,33.7572368,-84.3847194,Dome,0.6955564516591295,"112 Courtland St NE, Atlanta, GA 30303, USA",(404) 584-2464,2.1,https://maps.google.com/?cid=11425464816700623964,https://www.one12courtland.com/?utm_source=google&utm_medium=google%20my%20business&utm_campaign=website%20button
ChIJXRc8PnoD9YgRMoIbsQhA-Sc,Stonewall Lofts,33.7500536,-84.40323149999999,Dome,0.5834264621479801,"450 Stonewall St SW #404, Atlanta, GA 30313, USA",(404) 522-7598,1.0,https://maps.google.com/?cid=2880403842755428914,http://www.stonewalllofts.com/our-community/contact-us/
ChIJl7rhS50E9YgRMOZ66XCI498,Odyssey Villas Apartments,33.7604947,-84.4070916,Dome,0.6522869333504127,"601 Spencer St NW, Atlanta, GA 30314, USA",(404) 671-3570,3.6,https://maps.google.com/?cid=16132888308706108976,
ChIJ44HaF9gD9YgRBW_6ASLZGuk,Castleberry Park Apartments,33.7535392,-84.39916029999999,Dome,0.25046794670762196,"Atlanta, GA 30313, USA",,,https://maps.google.com/?cid=16796976500316991237,
ChIJiwgy338D9YgRFavgB-xaqRI,Smith & Porter,33.7487486,-84.39962899999999,Dome,0.5641217173667619,"210 Peters St SW, Atlanta, GA 30313, USA",(470) 235-5466,4.5,https://maps.google.com/?cid=1344705933537749781,https://www.smithandporterapts.com/
ChIJH8AvfnAD9YgR9DAg0gVS5P8,Artist Square,33.7467822,-84.40470359999999,Dome,0.8149913521816101,"23 Larkin Pl SW, Atlanta, GA 30313, USA",(404) 584-6556,3.9,https://maps.google.com/?cid=18438952959315292404,http://www.artistsquareapartments.com/
ChIJAQDQeHcE9YgRnn46CRwNCGs,Scarlett Place Apartments,33.7611653,-84.3856723,Dome,0.7130915075308565,"245 Peachtree Center Ave NE, Atlanta, GA 30303, USA",(866) 591-0778,,https://maps.google.com/?cid=7712428775937048222,http://www.scarlettplaceatlapts.com/scarlett-place-atl-apts-jonesboro-ga/neighborhood
ChIJ-4zc6cAF9YgRxwm579MJkL0,Generation Atlanta,33.7655219,-84.3913319,Dome,0.6914548083685225,"369 Centennial Olympic Park Dr NW, Atlanta, GA 30313, USA",(404) 975-4585,5.0,https://maps.google.com/?cid=13659428475679345095,https://generationatl.com/
ChIJ-zMeyX4E9YgRvHDw0bxqSR4,"Museum Tower Condominium Association, Inc.",33.762565,-84.391488,Dome,0.512712796481898,"285 Centennial Olympic Park Dr NW, Atlanta, GA 30313, USA",(770) 200-8601,4.6,https://maps.google.com/?cid=2182392853646307516,http://museumtower.com/
ChIJ3zemqzUD9YgRZ1WdR3zucqw,The Legacy at Vine City,33.7595634,-84.4061126,Dome,0.5754974881453703,"575 Foundry St NW, Atlanta, GA 30314, USA",(404) 331-6433,4.0,https://maps.google.com/?cid=12426256539413468519,
ChIJDZFkNHsD9YgRpzhuIbUcyHM,SW Apartments,33.7520614,-84.40657279999999,Dome,0.6442374599899243,"409 Beckwith St SW, Atlanta, GA 30314, USA",,,https://maps.google.com/?cid=8342949873979373735,
