place_id,name,lat,lng,nearest_station,distance_to_station,formatted_address,formatted_phone_number,rating,url,website
ChIJr1bajcEF9YgRpfDHSnEViwE,Avana on Main,33.8232344,-84.3706462,Lindbergh Center,0.07232390190921646,"508 Main St NE, Atlanta, GA 30324, USA",(470) 419-7140,3.3,https://maps.google.com/?cid=111206192130814117,https://www.avanaonmain.com/?utm_source=GoogleLocalListing&utm_medium=organic
ChIJfW3-t9wF9YgRjHlBXPjRgXA,Sorelle Apartments,33.8203701,-84.3647477,Lindbergh Center,0.329682971728602,"2399 Parkland Dr NE, Atlanta, GA 30324, USA",(404) 948-1006,2.8,https://maps.google.com/?cid=8106991668873492876,http://www.sorelleapartments.com/?utm_source=GoogleLocalListing&utm_medium=organic
ChIJn8QQxecF9YgRVMRYiH6yPOg,Arrive Buckhead,33.8265739,-84.3638663,Lindbergh Center,0.39484674285914156,"740 Sidney Marcus Blvd NE, Atlanta, GA 30324, USA",(844) 211-8658,3.2,https://maps.google.com/?cid=16734446571925062740,https://www.arrivebuckhead.com/?switch_cls[id]=64509&utm_source=google%20-%20entrataseo&utm_medium=organic&utm_campaign=gmb&utm_content=website%20click
ChIJkU7QhcQF9YgRFRPxD3oFk6E,AMLI Piedmont Heights,33.8179344,-84.3667917,Lindbergh Center,0.3908559404206716,"2323 Piedmont Rd NE, Atlanta, GA 30324, USA",(844) 319-6971,4.0,https://maps.google.com/?cid=11642655483494470421,https://www.amli.com/apartments/atlanta/lindbergh-apartments/amli-piedmont-heights?switch_code=58696
ChIJz1AoBcQF9YgRwVAr1QKMmns,Tuscany at Lindbergh Apartments,33.8181745,-84.3683751,Lindbergh Center,0.34949598683166005,"600 Garson Dr NE, Atlanta, GA 30324, USA",(770) 261-6379,3.1,https://maps.google.com/?cid=8906585156872786113,https://venterraliving.com/apartments/tuscany-at-lindbergh/?id=GA4TUGOO&utm_source=Local%20Listings&utm_medium=referral&utm_campaign=Top%20Line%20Local
ChIJ2RRfP8MF9YgRCKQkvnkAn20,AMLI Lindbergh,33.8200127,-84.3653269,Lindbergh Center,0.3195770661299766,"2400 Parkland Dr NE, Atlanta, GA 30324, USA",(844) 319-4143,3.4,https://maps.google.com/?cid=7899032794312254472,https://www.amli.com/apartments/atlanta/lindbergh-apartments/amli-lindbergh?switch_code=58696
ChIJ85HlDMEF9YgR0Nmz-e-au2g,eon at Lindbergh,33.8227176,-84.37170139999999,Lindbergh Center,0.1365754379057766,"2450 Camellia Ln NE, Atlanta, GA 30324, USA",(404) 907-1540,4.1,https://maps.google.com/?cid=7546795956066572752,https://www.berkshirecommunities.com/apartments/ga/atlanta/eon-at-lindbergh/?utm_source=GMB&utm_medium=organic
ChIJd_JNz8AF9YgRJxXLCDzV0Po,Park at Peachtree Hills,33.8198523,-84.37399959999999,Lindbergh Center,0.350279743937135,"480 Peachtree Hills Ave NE, Atlanta, GA 30305, USA",(404) 231-0495,3.0,https://maps.google.com/?cid=18073179758460081447,
ChIJoYQZYsMF9YgRI_my-V0esk4,Overture Buckhead South,33.82143850000001,-84.3655824,Lindbergh Center,0.24961370348743708,"658 Lindbergh Dr NE, Atlanta, GA 30324, USA",(470) 695-3107,4.5,https://maps.google.com/?cid=5670628269782923555,https://www.liveoverture.com/communities/atlanta-buckhead-south/?utm_source=GoogleLocalListing&utm_medium=organic
ChIJk0R0p7gF9YgRKLhdcr1ADqw,Post Peachtree Hills,33.8183947,-84.3752377,Lindbergh Center,0.4707700070443315,"350 Peachtree Hills Ave NE, Atlanta, GA 30305, USA",(404) 365-9511,2.6,https://maps.google.com/?cid=12397918006609295400,https://www.maac.com/georgia/atlanta/post-peachtree-hills
ChIJkfDsQN0F9YgRZj4Htmm7f8U,Core At Lindbergh,33.8224712,-84.3643913,Lindbergh Center,0.2916539990658893,"741 Morosgo Dr NE, Atlanta, GA 30324, USA",(404) 410-4495,2.8,https://maps.google.com/?cid=14231299410213944934,https://www.corelindbergh.com/
ChIJsdUFTOgF9YgRHdpLgCzkB70,The Peninsula at Buckhead by ARIUM,33.8256261,-84.36669069999999,Lindbergh Center,0.22954199061457914,"2591 Piedmont Rd NE, Atlanta, GA 30324, USA",(470) 865-7557,3.5,https://maps.google.com/?cid=13621106477787503133,https://ariumliving.com/atlanta/buckhead/peninsula-at-buckhead
ChIJr8Se1cQF9YgRDpoqAvCSJvc,Lakeshore Crossing Apartments,33.8168373,-84.3645782,Lindbergh Center,0.5170996725554659,"100 Lakeshore Dr NE, Atlanta, GA 30324, USA",(404) 348-8375,3.5,https://maps.google.com/?cid=17809083336009357838,http://www.lakeshorecrossing.com/
ChIJzZBrQcEF9YgR5Kubbeiim0U,The Pointe at Lindbergh,33.8201011,-84.3710981,Lindbergh Center,0.23344925032021277,"485 Lindbergh Pl NE, Atlanta, GA 30324, USA",(833) 340-1470,3.9,https://maps.google.com/?cid=5015781729162210276,http://www.pointelindbergh.com/
ChIJsWlxjNwF9YgRmg7fu_QvuMs,771 Lindbergh Apartments,33.8197943,-84.3624567,Lindbergh Center,0.46192745360556325,"771 Lindbergh Dr NE, Atlanta, GA 30324, USA",(404) 445-1607,4.0,https://maps.google.com/?cid=14679535713584615066,http://www.771lindberghapts.com/Contact.aspx
ChIJV_RPxDcF9YgR-YrFIOHKl_M,Newbergh ATL Apartments,33.8225723,-84.3625845,Lindbergh Center,0.3937279948511874,"761 Morosgo Dr NE, Atlanta, GA 30324, USA",(877) 201-5018,4.8,https://maps.google.com/?cid=17552721140966066937,https://newberghatl.com/?utm_source=GoogleMyBusiness&utm_medium=organic&utm_campaign=website_link
ChIJYcyPceEF9YgRReNdRCLxfgo,Avana Lenox Apartments,33.827739,-84.358091,Lindbergh Center,0.7221463309271453,"925 Canterbury Rd NE, Atlanta, GA 30324, USA",(404) 233-5900,3.4,https://maps.google.com/?cid=756306916923007813,https://www.avanalenox.com/?utm_source=GoogleLocalListing&utm_medium=organic
ChIJF2U3y8YF9YgRwzf5NN3d9Aw,Post Corporation Apartments,33.818219,-84.3755087,Lindbergh Center,0.4903861781437668,"613 Peachtree Hills Cir NE, Atlanta, GA 30305, USA",(404) 949-0866,,https://maps.google.com/?cid=933614964918794179,
ChIJ59hMsbgF9YgRH6ph-rCIhUA,Apartment Interior Road,33.8187812,-84.376215,Lindbergh Center,0.49574381551864277,"Peachtree Hills Ave NE, Atlanta, GA 30305, USA",,,https://maps.google.com/?cid=4649272484026231327,
ChIJI42cXr8F9YgR388al6eiIic,Post Peachtree Hills Building 600,33.8203187,-84.3755458,Lindbergh Center,0.40507006331201123,"601 Peachtree Hills Ave NE, Atlanta, GA 30305, USA",,,https://maps.google.com/?cid=2819995157365706719,
