place_id,name,lat,lng,nearest_station,distance_to_station,formatted_address,formatted_phone_number,rating,url,website
ChIJpdH0jL0I9YgRomIhQRghUC0,@1377 Apartments,33.860196,-84.33358199999999,Brookhaven,0.33280052567869944,"1377 Dresden Dr, Brookhaven, GA 30319, USA",(404) 949-5555,4.0,https://maps.google.com/?cid=3265146117899248290,http://www.liveat1377.com/
ChIJzXKR3rEI9YgRPe0cbSxunQI,Lenox Summit Apartments,33.8571401,-84.3470104,Brookhaven,0.48169504919592054,"2449 E Club Dr NE, Atlanta, GA 30319, USA",(404) 231-1580,4.0,https://maps.google.com/?cid=188427896507657533,
ChIJzZVAM7AI9YgRgtZXfzX5wrg,Atler at Brookhaven,33.8573763,-84.3462526,Brookhaven,0.43528308551018646,"3833 Peachtree Rd, Atlanta, GA 30319, USA",(404) 905-3426,4.5,https://maps.google.com/?cid=13313477456625653378,http://www.atlerbrookhaven.com/?utm_knock=g
ChIJARKeZbkI9YgRuydoW5OH7Ew,Post Glen,33.8633134,-84.3380176,Brookhaven,0.24134682016816306,"4120 Peachtree Rd, Atlanta, GA 30319, USA",(404) 231-2255,3.0,https://maps.google.com/?cid=5542954308349732795,
ChIJ5UQuUaII9YgREKOuY0EE1rU,Continental Village,33.853107,-84.33534,Brookhaven,0.5282732147017165,"1322 Briarwood Rd NE, Atlanta, GA 30319, USA",(404) 233-7417,2.5,https://maps.google.com/?cid=13102664844772811536,
ChIJ6_XlA6wI9YgROb8aFPjlrJ0,Aspire Lenox Park,33.8516843,-84.34931929999999,Brookhaven,0.8098660376404725,"1050 Lenox Park Blvd NE, Atlanta, GA 30319, USA",(404) 381-8430,3.8,https://maps.google.com/?cid=11361708813600866105,https://www.aspirelenoxpark.com/?utm_source=Kool%20Source&utm_medium=SEO
ChIJW2tb_-oI9YgRY68Z8CGYHGM,Post Brookhaven,33.8698581,-84.3306757,Brookhaven,0.8435197314326045,"2829 Caldwell Rd NE, Atlanta, GA 30319, USA",(404) 231-1223,2.9,https://maps.google.com/?cid=7141750380632321891,http://www.maac.com/georgia/atlanta/post-brookhaven/
ChIJtSKAgJMI9YgRcTQpgyMO8G0,Dresden Forest Apartments,33.8640886,-84.3279068,Brookhaven,0.7166396481971512,"2650 N Thompson Rd NE, Atlanta, GA 30319, USA",(404) 237-0128,4.1,https://maps.google.com/?cid=7921847290231862385,
ChIJ6c8pUcAI9YgRj76h3FnSt04,Windsor at Brookhaven,33.8703367,-84.335387,Brookhaven,0.7484412946802587,"305 Brookhaven Ave, Atlanta, GA 30319, USA",(844) 867-3864,4.0,https://maps.google.com/?cid=5672233539091938959,http://www.windsoratbrookhaven.com/
ChIJhZcw3sAI9YgR38QywjxCgMs,The Goodwynn at Town Brookhaven by ARIUM,33.87013230000001,-84.3373196,Brookhaven,0.7083799138262437,"705 Town Blvd, Atlanta, GA 30319, USA",(678) 883-1748,4.0,https://maps.google.com/?cid=14663793215441913055,https://ariumliving.com/atlanta/brookhaven/the-goodwynn
ChIJufuSiaIJ9YgRYu8qgcERAnc,Peachtree Oaks Apartments,33.8572252,-84.34964509999999,Brookhaven,0.6212118118612984,"3766 Peachtree Rd NE, Atlanta, GA 30319, USA",(404) 789-7874,,https://maps.google.com/?cid=8575436163260280674,
ChIJCYUr4pMI9YgR9i_xe79iqiQ,Dresden Forest Apartments,33.8618361,-84.3278821,Brookhaven,0.6723082270998798,"1534 Dresden Dr NE, Brookhaven, GA 30319, USA",(404) 237-0128,4.2,https://maps.google.com/?cid=2642032705963896822,https://www.kencoapartments.com/dresden-forest
