place_id,name,lat,lng,nearest_station,distance_to_station,formatted_address,formatted_phone_number,rating,url,website
ChIJU1kUKVoJ9YgRFjLHgcL2NC0,Marq Eight,33.9265009,-84.3348544,Dunwoody,0.6604019965445036,"8 Perimeter Center E, Atlanta, GA 30346, USA",(888) 226-0450,4.3,https://maps.google.com/?cid=3257499745757114902,https://www.cwsapartments.com/marq-eight-atlanta-ga/?utm_source=googlemybusiness&utm_medium=organic&utm_campaign=website_link
ChIJPczPf1MJ9YgRpB8e8QoOmcE,Peachtree Dunwoody Place,33.9292937,-84.3511388,Dunwoody,0.6756083972794384,"6355 Peachtree Dunwoody Rd, Atlanta, GA 30328, USA",(770) 522-0012,4.8,https://maps.google.com/?cid=13950196760914567076,http://www.peachtreedunwoodyplace.com/
ChIJkQOvpE4J9YgRVR5zS5M212A,1160 Hammond Apartments,33.920082,-84.348652,Dunwoody,0.25391150367227894,"1160 Hammond Dr, Sandy Springs, GA 30328, USA",(844) 860-3112,3.2,https://maps.google.com/?cid=6978106153887800917,https://www.1160hammond.com/?utm_source=google&utm_medium=organic&utm_campaign=google-my-business&utm_term=11268
ChIJAWjrSl0J9YgRfFULx4fdPSQ,Bell Perimeter Center Apartments,33.9232402,-84.3351289,Dunwoody,0.5533648880996996,"70 Perimeter Center E, Atlanta, GA 30346, USA",(770) 804-2224,3.1,https://maps.google.com/?cid=2611486934174487932,https://www.bellperimetercenter.com/?utm_source=google&utm_medium=organic&utm_campaign=local
ChIJpx0Vo1IJ9YgRspDRNCTBxEs,Parc at Perimeter Apartment Homes,33.924411,-84.3531299,Dunwoody,0.5446281396425449,"6210 Peachtree Dunwoody Rd, Atlanta, GA 30328, USA",(770) 350-9933,3.3,https://maps.google.com/?cid=5459701009529016498,http://www.parcwmp.com/
ChIJpQnhDkwJ9YgRxZNpJMvv20M,SYNC at Perimeter,33.9186077,-84.34921059999999,Dunwoody,0.32771251185451844,"1125 Hammond Dr, Sandy Springs, GA 30328, USA",(844) 209-4929,4.0,https://maps.google.com/?cid=4889765476209103813,https://www.syncatperimeter.com/
ChIJNas2aEwJ9YgRDHtvKM5yjkk,Arabelle Perimeter,33.9196333,-84.3510008,Dunwoody,0.39199301044418305,"1110 Hammond Dr, Sandy Springs, GA 30328, USA",(770) 343-2509,4.6,https://maps.google.com/?cid=5300300041228876556,https://arabelleperimeter.com/
ChIJU1kUKVoJ9YgRB5yYSb5DKBM,Flats at Perimeter Place,33.92881029999999,-84.3422039,Dunwoody,0.5382017286470565,"60 Perimeter Center Pl, Atlanta, GA 30346, USA",(678) 967-0579,3.8,https://maps.google.com/?cid=1380427770346642439,https://www.flatsatperimeterplaceapts.com/?utm_knock=ll&utm_source=gglocal&utm_medium=referral
ChIJbUsVvF0J9YgR2nGU0fVeqdU,Furnished Apartments Atlanta,33.926502,-84.335027,Dunwoody,0.652185391580255,"4780 Ashford Dunwoody Rd A-422, Atlanta, GA 30338, USA",(770) 766-3365,4.4,https://maps.google.com/?cid=15395941211018916314,https://furnished-apts.com/
ChIJw5x2nCsJ9YgR6epZwhgpXF0,The Bishop Apartments,33.917407,-84.3483352,Dunwoody,0.34523664108999547,"1115 Springwood Connector, Atlanta, GA 30328, USA",(404) 800-6563,4.1,https://maps.google.com/?cid=6727297129701305065,https://www.bishopatl.com/?utm_source=Kool%20Source&utm_medium=SEO
ChIJ1yE_UWYJ9YgRPVkQxK-9Slg,Perimeter 31,33.9255394,-84.3333639,Dunwoody,0.7029729851572444,"31 Perimeter Center E, Atlanta, GA 30346, USA",(770) 393-2388,3.7,https://maps.google.com/?cid=6362105986220579133,https://www.perimeter31.com/
ChIJD2bjvGAJ9YgRV9ICylD0zSE,"apartments in dunwoody ga | the london | 1, 2 & 3 bdrm",33.9295276,-84.3324423,Dunwoody,0.8962563482118738,"350 Perimeter Center N, Dunwoody, GA 30346, USA",(770) 217-9615,,https://maps.google.com/?cid=2435871601301049943,https://www.thelondonapartmenthomes.com/dunwoody/the-london-apartment-homes/guest-card/contact-us/1
ChIJ2wDWYl4J9YgRhg2TKGG0naY,The Bricks Perimeter Center,33.9304742,-84.33545470000001,Dunwoody,0.8205080398223457,"302 Perimeter Center N, Atlanta, GA 30346, USA",(844) 792-6152,3.7,https://maps.google.com/?cid=12005950511025163654,https://bhmanagement.com/communities/the-bricks-perimeter-center/
ChIJ_7TWd0QJ9YgRkL3xPmInB0o,The LINC Brookhaven,33.9149239,-84.3366302,Dunwoody,0.6252669646959877,"4150 Ashford Dunwoody Rd, Brookhaven, GA 30319, USA",(678) 608-4966,5.0,https://maps.google.com/?cid=5334275586559950224,https://www.lincbrookhaven.com/
ChIJfX1anF0J9YgRlQFD0ePGBiA,Advantage Corporation Apartments,33.9258654,-84.33411210000001,Dunwoody,0.6746031736829448,"3415 Abercorn Ave, Atlanta, GA 30346, USA",(770) 558-4145,,https://maps.google.com/?cid=2307750540844663189,http://www.advantageapartments.com/
