place_id,name,lat,lng,nearest_station,distance_to_station,formatted_address,formatted_phone_number,rating,url,website
ChIJv1Kod4cc9YgRDj5enoUX_K4,Seven Courts Apartments,33.753839,-84.478873,Hamilton E. Holmes,0.5131482496470686,"2800 M.L.K. Jr Dr SW, Atlanta, GA 30311, USA",(404) 691-4022,3.2,https://maps.google.com/?cid=12608978919385611790,http://sevencourtsapartments.com/
ChIJmWwVOTod9YgReU4sieyGRt4,The Peaks at MLK,33.7531917,-84.46603689999999,Hamilton E. Holmes,0.24483022344767638,"2423 M.L.K. Jr Dr SW, Atlanta, GA 30311, USA",(404) 696-4500,2.3,https://maps.google.com/?cid=16016637475261533817,https://thegatewaycompanies.com/portfolio_page/the-peaks-at-mlk
ChIJ1V3fDpAc9YgRs5o8tpFfPU0,Dogwood I Apartments,33.75034170000001,-84.4692094,Hamilton E. Holmes,0.28965630659930336,"95 Peyton Rd SW, Atlanta, GA 30311, USA",(404) 696-2602,3.6,https://maps.google.com/?cid=5565709793932122803,
ChIJB0OcvJgc9YgRlitFgS1_bqM,Verbena Garden Apartments,33.7550194,-84.46003329999999,Hamilton E. Holmes,0.5745809371279179,"2190 Verbena St NW, Atlanta, GA 30314, USA",(678) 771-8985,3.8,https://maps.google.com/?cid=11776489909039475606,
ChIJMbts-I8c9YgRiscBgpAax4E,Columbia Commons Apartments,33.75190389999999,-84.4698722,Hamilton E. Holmes,0.17858162593093901,"2524 M.L.K. Jr Dr SW, Atlanta, GA 30311, USA",(404) 699-7597,3.7,https://maps.google.com/?cid=9351472359216891786,https://www.columbiares.com/communities/our-communities/property-details/property?prop_id=10
ChIJxU0KvZgc9YgRVVj_6mYxQUg,Verbena HOPE Foundation Inc,33.755038,-84.4600844,Hamilton E. Holmes,0.5717277559064362,"2190 Verbena St NW # 19, Atlanta, GA 30314, USA",(404) 838-1933,5.0,https://maps.google.com/?cid=5206496962316032085,
ChIJdfUCbI8c9YgRFabF1Nc2Rrs,Park Commons Apartments,33.7499026,-84.47349899999999,Hamilton E. Holmes,0.3752492355978229,"180 Peyton Pl SW, Atlanta, GA 30311, USA",(404) 472-1182,3.9,https://maps.google.com/?cid=13494533634077861397,http://www.columbiares.com/communities/our-communities/property-details/property?prop_id=37
ChIJbSQvuJ0d9YgRJ7_UVSf6hpA,Overlook Ridge Apartments,33.7511511,-84.4756494,Hamilton E. Holmes,0.39882042585977,"100 Peyton Pl SW, Atlanta, GA 30311, USA",(404) 973-2932,3.6,https://maps.google.com/?cid=10414286235191525159,https://www.aspensquare.com/apartments/georgia/atlanta/overlook-ridge/?utm_knock=g
ChIJ56QFtKIc9YgRY1yCZxgjtHA,Kings Glen Apartments,33.7507602,-84.4581518,Hamilton E. Holmes,0.7286946023361842,"2129 M.L.K. Jr Dr SW, Atlanta, GA 30310, USA",(770) 913-4523,2.9,https://maps.google.com/?cid=8121154615778630755,
ChIJGaxRZQId9YgRnnY4AnJQ3c8,Alta Pointe Apartments,33.7514461,-84.4748101,Hamilton E. Holmes,0.3478151684777793,"2640 M.L.K. Jr Dr SW, Atlanta, GA 30311, USA",,,https://maps.google.com/?cid=14978216386297886366,https://affordablehousingonline.com/housing-search/Georgia/Atlanta/Alta-Pointe-Apartments/10027046
ChIJFxHpe4wd9YgRU_-NOsiLNJY,Fairfield Apartments,33.7584288,-84.464169,Hamilton E. Holmes,0.43131529893459813,"156 Fairfield Pl NW, Atlanta, GA 30314, USA",,,https://maps.google.com/?cid=10823429496570249043,
