place_id,name,lat,lng,nearest_station,distance_to_station,formatted_address,formatted_phone_number,rating,url,website
ChIJo-o2g7oG9YgRv42QXspOnk4,Oak Pointe Apartments,33.7671929,-84.3402815,Edgewood,0.3614436489603356,"485 Oakdale Rd NE, Atlanta, GA 30307, USA",(404) 688-6257,2.6,https://maps.google.com/?cid=5665052012355554751,http://bradenfellman.com/apartments/oakpointe/
ChIJoWjsT6sG9YgRlW7KloYCiiE,Station R Apartments,33.7577105,-84.34982079999999,Edgewood,0.6562687386346359,"144 Moreland Ave NE, Atlanta, GA 30307, USA",(470) 575-5714,3.3,https://maps.google.com/?cid=2416746927116414613,http://www.livestationr.com/
ChIJwQMtOLIG9YgR8wslLvpuZzo,Spoke Luxury Apartments,33.7609272,-84.3412655,Edgewood,0.11878430738417727,"1450 La France Street Northeast, Atlanta, GA 30307, USA",(470) 481-5824,4.1,https://maps.google.com/?cid=4208454397596077043,http://www.spokeatl.com/?s=gmb
ChIJQ3hhSaUG9YgRGDXKKw72ap0,Euclid Court Apartments,33.7687679,-84.3434874,Edgewood,0.51806151357235,"1335 Euclid Ave NE, Atlanta, GA 30307, USA",(404) 524-1719,3.4,https://maps.google.com/?cid=11343149152210662680,http://euclidcourt.com/
ChIJ8b1fMEsB9YgRXNXYpO0hui0,Edgewood Court Apartments,33.7555771,-84.3366834,Edgewood,0.4725605735300794,"1572 Hardee St NE, Atlanta, GA 30307, USA",(404) 373-5378,3.3,https://maps.google.com/?cid=3294983381931578716,http://edgewoodcourtapts.com/
ChIJNxL6alQB9YgRjRqNJuMqH-Q,Reynoldstown Commons,33.7527528,-84.3501544,Edgewood,0.8782457678550338,"1124 Wylie St SE, Atlanta, GA 30316, USA",(404) 527-6011,3.5,https://maps.google.com/?cid=16437904320018324109,https://www.reynoldstowncommons.com/
ChIJxZL1YqsG9YgRzw9svqHcCAs,Columbia Senior Residences at Edgewood,33.7567992,-84.3454136,Edgewood,0.4880966041170402,"1281 Caroline St NE, Atlanta, GA 30307, USA",(404) 681-5611,4.4,https://maps.google.com/?cid=795127921473490895,https://www.columbiares.com/senior-apartments-atlanta/columbia-senior-residences-at-edgewood
ChIJ_74EILMG9YgRd0NE9HI25qE,Retreat at Edgewood,33.7576805,-84.3409708,Edgewood,0.30602880325955206,"150 Hutchinson St NE, Atlanta, GA 30307, USA",(404) 577-9001,4.3,https://maps.google.com/?cid=11666071752102134647,
