place_id,name,lat,lng,nearest_station,distance_to_station,formatted_address,formatted_phone_number,rating,url,website
ChIJgwXXNFgP9YgRGuNe7c86TPI,Cyan on Peachtree Apartments,33.849634,-84.36610999999999,Lenox,0.5291166281094319,"3380 Peachtree Rd NE, Atlanta, GA 30326, USA",(470) 237-5669,3.5,https://maps.google.com/?cid=17459394520123630362,https://www.cyanonpeachtree.com/?utm_source=GoogleLocalListing&utm_medium=organic
ChIJCWk2bFUP9YgRsh6Yp5lJ7aQ,Buckhead 960,33.8472721,-84.3562999,Lenox,0.2018635993017871,"960 East Paces Ferry Rd NE, Atlanta, GA 30326, USA",(404) 869-6580,3.9,https://maps.google.com/?cid=11884235915991195314,http://www.buckhead960.com/
ChIJC9bIKP8F9YgRNoJ0K-lXbyA,32Hundred Lenox Apartments,33.8429996,-84.35929829999999,Lenox,0.15010055890764132,"3200 Lenox Rd NE, Atlanta, GA 30324, USA",(770) 637-0512,2.7,https://maps.google.com/?cid=2337183390596629046,http://www.32hundredlenox.com/
ChIJMdN-46sI9YgRHGx2n8voteQ,Post Gardens,33.8496357,-84.3489756,Lenox,0.6388464555981537,"1020 Lenox Park Blvd NE, Brookhaven, GA 30319, USA",(404) 237-4800,3.0,https://maps.google.com/?cid=16480334372683541532,https://www.maac.com/georgia/atlanta/post-gardens
ChIJ4yeQ21QP9YgRo8sLpyIdCJM,AMLI 3464,33.8489637,-84.35592249999999,Lenox,0.3089005245538699,"3464 Roxboro Rd NE, Atlanta, GA 30326, USA",(844) 812-7729,4.5,https://maps.google.com/?cid=10594750158057753507,https://www.amli.com/apartments/atlanta/buckhead-apartments/amli-3464?switch_code=58696
ChIJe4dvDVQP9YgRGP-PmfaxAhU,Phipps Place Luxury Apartments,33.850581,-84.35806699999999,Lenox,0.3784062029505594,"3460 Kingsboro Rd NE, Atlanta, GA 30326, USA",(404) 816-9191,4.2,https://maps.google.com/?cid=1513968097446330136,http://phippsplaceapartments.com/
ChIJlX9aRlQP9YgRI2Maen0Oafs,Kingsboro Apartments,33.8496243,-84.35755270000001,Lenox,0.3174660445295376,"3443 Kingsboro Rd NE, Atlanta, GA 30326, USA",(404) 467-7707,4.4,https://maps.google.com/?cid=18116026908156781347,http://www.kingsboro-apartments.com/
ChIJ6-ZXv7oP9YgRKFNSvQ8GTYs,Apartments.com,33.8532413,-84.364227,Lenox,0.6448108496845691,"3438 Peachtree Rd NE #1500, Atlanta, GA 30326, USA",(888) 658-7368,5.0,https://maps.google.com/?cid=10037685809149268776,https://www.apartments.com/
ChIJQ7ciaVkP9YgRHKDmLcajAsA,Post Stratford,33.8505638,-84.36841609999999,Lenox,0.6745526430255225,"3400 Stratford Rd NE, Atlanta, GA 30326, USA",(404) 760-9986,3.1,https://maps.google.com/?cid=13835801076804526108,http://www.maac.com/georgia/atlanta/post-stratford/
ChIJq6rmT1gP9YgR1MoRoEPZFaI,Icon Buckhead Luxury Apartments,33.848628,-84.36695,Lenox,0.534067169831817,"3372 Peachtree Rd NE, Atlanta, GA 30326, USA",(770) 809-3653,4.1,https://maps.google.com/?cid=11679480093126806228,https://www.iconbuckhead.com/?utm_knock=gmb
ChIJ6_XlA6wI9YgROb8aFPjlrJ0,Aspire Lenox Park,33.8516843,-84.34931929999999,Lenox,0.7031388161707126,"1050 Lenox Park Blvd NE, Atlanta, GA 30319, USA",(404) 381-8430,3.8,https://maps.google.com/?cid=11361708813600866105,https://www.aspirelenoxpark.com/?utm_source=Kool%20Source&utm_medium=SEO
ChIJVVVVVYUF9YgRNv6y7DDDQi0,Metrpopltan At Buckhead,33.8437855,-84.3592024,Lenox,0.09649224019987623,"3200 Lnoxrd NE, Atlanta, GA 30305, USA",(404) 869-1905,,https://maps.google.com/?cid=3261383695066660406,
ChIJq8MoUlcP9YgRYhWECLo9QZc,Cortland,33.8516611,-84.3644939,Lenox,0.5618461736577287,"3424 Peachtree Rd, Atlanta, GA 30326, USA",(404) 965-3988,3.3,https://maps.google.com/?cid=10899060442429396322,https://www.cortland.com/
ChIJ4wF0BFkP9YgRnKTWAzg9yaY,SkyHouse Buckhead,33.8498233,-84.3674305,Lenox,0.5991541292069354,"3390 Stratford Rd NE, Atlanta, GA 30326, USA",(833) 463-5009,3.7,https://maps.google.com/?cid=12018204391406740636,http://skyhousebuckhead.com/
ChIJP1tTqPgF9YgRYQVRFagKkhg,Gables Corporate Accommodations Atlanta,33.84611599999999,-84.35995899999999,Lenox,0.10118719959589793,"3399 Peachtree Rd Suite 600 - B, Atlanta, GA 30326, USA",(404) 923-5310,,https://maps.google.com/?cid=1770489320538441057,
ChIJL6dAagIJ9YgRoYC4DbfHMFY,Post Gardens,33.8490411,-84.34970179999999,Lenox,0.5826041186681792,"1001 Garden View Dr NE, Atlanta, GA 30319, USA",,,https://maps.google.com/?cid=6210683475167051937,https://www.maac.com/georgia/atlanta/post-gardens/
ChIJi-SnWFQP9YgRwfbmF_6ZYt8,Buckhead Short term Furnished Apartments by AR Corporate,33.8491417,-84.357113,Lenox,0.29173455418097227,"3481 Lakeside Dr NE, Atlanta, GA 30326, USA",(770) 614-2121,3.0,https://maps.google.com/?cid=16096597334777329345,http://www.arcorporate.com/
ChIJe4dvDVQP9YgRSM1gnhTcsVw,Advantage Corporation Apartments,33.8509137,-84.3579998,Lenox,0.4015988512446687,"3460 Kingsboro Rd NE, Atlanta, GA 30326, USA",(678) 974-5176,,https://maps.google.com/?cid=6679361703481757000,http://www.advantageapartments.com/
ChIJRVvXGloP9YgRmp0_ll0atRI,Post Corporation Apartments,33.8526531,-84.365495,Lenox,0.6510793169632708,"600 Phipps Blvd NE, Atlanta, GA 30326, USA",(404) 812-6469,,https://maps.google.com/?cid=1348012652722363802,
ChIJSSvHx_UF9YgRzYa4eSjKZ54,Berkshire Terminus,33.845857,-84.3710033,Lenox,0.7109495893186375,"20 Terminus Pl Suite 1100, Atlanta, GA 30305, USA",(866) 646-5974,3.6,https://maps.google.com/?cid=11414314055783450317,https://www.berkshirecommunities.com/apartments/ga/atlanta/berkshire-terminus/?utm_source=GMB&utm_medium=organic
ChIJNz_K7PEF9YgR3OCpMsDX3Yc,Property Gates,33.8369282,-84.36907950000001,Lenox,0.8224979975308443,"Atlanta, GA 30355, USA",(770) 744-1954,,https://maps.google.com/?cid=9790218385457012956,
ChIJk_pyUWAP9YgRdjmolqi61Ug,AMLI Lenox,33.848465,-84.357332,Lenox,0.2434934574231882,"3478 Lakeside Dr NE, Atlanta, GA 30326, USA",(866) 831-9642,5.0,https://maps.google.com/?cid=5248306174015060342,https://www.amli.com/apartments/atlanta/buckhead-apartments/amli-lenox?switch_code=58696
ChIJ_2uXnFAP9YgRHrWUXkVukLo,Camden Phipps Apartments,33.8546407,-84.3660809,Lenox,0.7826884934980444,"700 Phipps Blvd NE, Atlanta, GA 30326, USA",(404) 261-4015,4.3,https://maps.google.com/?cid=13443366131919533342,https://www.camdenliving.com/atlanta-ga-apartments/camden-phipps
ChIJw2mPuVEP9YgRszkcSv4TPms,The Huntley,33.8550443,-84.3626846,Lenox,0.7222517761647174,"1000 Park Ave NE, Atlanta, GA 30326, USA",(833) 263-0640,4.8,https://maps.google.com/?cid=7727635993500334515,http://www.thehuntley.com/?utm_source=yext%20-%20entrataseo&utm_medium=referral&utm_campaign=directories&utm_content=website%20click
ChIJEc6gGa0I9YgRf2J1pa1m_GY,Windsor Hall Apartments,33.8549089,-84.3528741,Lenox,0.7529578130406096,"3703 Peachtree Rd NE, Atlanta, GA 30319, USA",(404) 237-1850,4.5,https://maps.google.com/?cid=7420919181991043711,http://www.liveatwindsorhall.com/
ChIJXRDx0a4F9YgRuxQJKx6MQ6o,BUCKHEAD CORPORATE HOUSING-SHORT TERM FURNISHED RENTALS BY IGT,33.849959,-84.35833199999999,Lenox,0.33450368858751606,"3460 Kingsboro Rd NE # 504, Atlanta, GA 30326, USA",(404) 218-6191,4.2,https://maps.google.com/?cid=12268803871086286011,https://igtapartments.com/
ChIJ5392Rx4P9YgRtEZ8rK0ht3k,Cortland at Phipps Plaza,33.8549733,-84.36122879999999,Lenox,0.6952382708645957,"707 Park Ave NE, Atlanta, GA 30326, USA",(404) 941-7660,4.4,https://maps.google.com/?cid=8770515829134214836,https://cortland.com/apartments/cortland-at-phipps-plaza/?utm_source=gmb_site&utm_medium=organic
ChIJoZaNRH0P9YgRp24azniGzOY,Executive Corporate Living LLC,33.849959,-84.35833199999999,Lenox,0.33450368858751606,"3460 Kingsboro Rd NE, Atlanta, GA 30326, USA",(678) 208-0480,5.0,https://maps.google.com/?cid=16630815377384435367,http://executivecorporateliving.com/
ChIJJc2PRloP9YgRbKQYn2oDuzI,Post Alexander High Rise,33.8539642,-84.3656998,Lenox,0.7316798708716741,"600 Phipps Blvd NE, Atlanta, GA 30326, USA",(404) 841-0872,2.4,https://maps.google.com/?cid=3655519279011898476,http://www.maac.com/georgia/atlanta/post-alexander-high-rise/
