place_id,name,lat,lng,nearest_station,distance_to_station,formatted_address,formatted_phone_number,rating,url,website
ChIJgeLEoLYO9YgRHZ12dgYh6dM,The Eva Apartments,33.9177444,-84.3598353,Medical Center,0.6786185470359681,"789 Hammond Dr, Sandy Springs, GA 30328, USA",(404) 341-5253,3.9,https://maps.google.com/?cid=15269772323217382685,https://www.theevaatlanta.com/?s=ll&utm_source=gglocal&utm_medium=ref
ChIJpQnhDkwJ9YgRxZNpJMvv20M,SYNC at Perimeter,33.9186077,-84.34921059999999,Medical Center,0.5613282388779249,"1125 Hammond Dr, Sandy Springs, GA 30328, USA",(844) 209-4929,4.0,https://maps.google.com/?cid=4889765476209103813,https://www.syncatperimeter.com/
ChIJM3s048kO9YgRJH_v09hKDSM,Novel Perimeter Apartments,33.9125197,-84.3608412,Medical Center,0.5468433706955385,"5755 Glenridge Dr, Atlanta, GA 30328, USA",(770) 629-9488,4.8,https://maps.google.com/?cid=2525757261153795876,https://novelperimeter.com/?utm_source=apartmentseo&utm_medium=gmb&utm_campaign=organicmaplisting
ChIJu-Gw4ssO9YgRB4RKGckAvN4,Bell Glenridge Apartments,33.9076834,-84.3600968,Medical Center,0.5320799610588265,"111 Glenridge Point Pkwy, Sandy Springs, GA 30342, USA",(404) 748-1952,3.8,https://maps.google.com/?cid=16049704035754345479,https://www.bellglenridge.com/?utm_source=google&utm_medium=organic&utm_campaign=local
ChIJXVxOlMUJ9YgRNriAPZOPIWc,Cortland at the Hill,33.9050626,-84.34872879999999,Medical Center,0.4219954090769796,"1160 Johnson Ferry Rd NE, Sandy Springs, GA 30342, USA",(678) 732-3497,4.5,https://maps.google.com/?cid=7431378722692839478,https://cortland.com/apartments/cortland-at-the-hill/?utm_source=gmb_site&utm_medium=organic
ChIJabYhcM4O9YgRaS-NmCmdLpY,Gates Park Crossing,33.9041077,-84.3600788,Medical Center,0.6674780031111711,"5555 Glenridge Con, Atlanta, GA 30342, USA",(404) 691-8920,,https://maps.google.com/?cid=10821759756596490089,
ChIJw5x2nCsJ9YgR6epZwhgpXF0,The Bishop Apartments,33.917407,-84.3483352,Medical Center,0.49800586105548955,"1115 Springwood Connector, Atlanta, GA 30328, USA",(404) 800-6563,4.1,https://maps.google.com/?cid=6727297129701305065,https://www.bishopatl.com/?utm_source=Kool%20Source&utm_medium=SEO
ChIJk5XaoLYO9YgR3PYI5gfF4ug,M789,33.9174595,-84.3595912,Medical Center,0.6547841118046622,"789 Hammond Dr, Sandy Springs, GA 30328, USA",(404) 692-5161,3.3,https://maps.google.com/?cid=16781191799250679516,
ChIJC61DmjIJ9YgRaOiQlpv-CRY,Aspire Perimeter,33.902157,-84.3526715,Medical Center,0.5925697757102982,"5385 Peachtree Dunwoody Rd, Atlanta, GA 30342, USA",(404) 257-1380,3.6,https://maps.google.com/?cid=1588080287824275560,https://www.aspireperimeter.com/
ChIJkQOvpE4J9YgRVR5zS5M212A,1160 Hammond Apartments,33.920082,-84.348652,Medical Center,0.667722251999484,"1160 Hammond Dr, Sandy Springs, GA 30328, USA",(844) 860-3112,3.2,https://maps.google.com/?cid=6978106153887800917,https://www.1160hammond.com/?utm_source=google&utm_medium=organic&utm_campaign=google-my-business&utm_term=11268
ChIJNas2aEwJ9YgRDHtvKM5yjkk,Arabelle Perimeter,33.9196333,-84.3510008,Medical Center,0.6161867006790753,"1110 Hammond Dr, Sandy Springs, GA 30328, USA",(770) 343-2509,4.6,https://maps.google.com/?cid=5300300041228876556,https://arabelleperimeter.com/
ChIJHdEuUs8O9YgRvPYxFIbKnKU,Windsor at Glenridge,33.9088297,-84.363592,Medical Center,0.7024587328217249,"5610 Glenridge Dr, Sandy Springs, GA 30342, USA",(844) 736-5735,3.6,https://maps.google.com/?cid=11933635789838218940,https://www.windsoratglenridge.com/?utm_source=google&utm_medium=gmb
