place_id,name,lat,lng,nearest_station,distance_to_station,formatted_address,formatted_phone_number,rating,url,website
ChIJwxsGFtoD9YgRPCBl9s1SUM4,Platform Apartments,33.7476997,-84.3788223,Georgia State,0.46659653894773245,"290 M.L.K. Jr Dr SE, Atlanta, GA 30312, USA",(833) 317-1150,4.5,https://maps.google.com/?cid=14866473414505603132,https://www.lifeatplatformapartments.com/?utm_source=google&utm_medium=organic&utm_campaign=google-my-business&utm_term=11230
ChIJrdTNI4gD9YgRXAwqUbdnj54,One12 Courtland Apartments,33.7572368,-84.3847194,Georgia State,0.47758009704761656,"112 Courtland St NE, Atlanta, GA 30303, USA",(404) 584-2464,2.1,https://maps.google.com/?cid=11425464816700623964,https://www.one12courtland.com/?utm_source=google&utm_medium=google%20my%20business&utm_campaign=website%20button
ChIJh2xtLYYD9YgR6dYotPlD8fc,Dwell ATL Luxury Apartments,33.7553013,-84.38158,Georgia State,0.4300645136094802,"171 Auburn Ave NE, Atlanta, GA 30303, USA",(844) 209-8016,3.2,https://maps.google.com/?cid=17866135936503961321,https://www.liveatdwellatl.com/?switch_cls[id]=64509&utm_source=google%20-%20entrataseo&utm_medium=organic&utm_campaign=gmb&utm_content=website%20click
ChIJsW4IepID9YgRqx_zdXYZSUo,The George & The Leonard Apartments,33.7466888,-84.3786544,Georgia State,0.5070434845339956,"275 Memorial Dr SE, Atlanta, GA 30312, USA",(844) 330-1271,3.6,https://maps.google.com/?cid=5352837628682248107,https://www.george-leonard.com/?utm_source=google&utm_medium=organic&utm_campaign=GMB
ChIJC8Sr-ZAD9YgRcBD42b7YltE,Columbia Tower,33.7441328,-84.38357549999999,Georgia State,0.46001899720413314,"380 Martin St SE, Atlanta, GA 30312, USA",(404) 230-7556,3.2,https://maps.google.com/?cid=15102496714645835888,http://www.columbiares.com/
ChIJb4F4PYMD9YgRmHWVqjtvWhE,MC Kiser Lofts,33.7489582,-84.39271140000001,Georgia State,0.3859943868924306,"210 Pryor St SW, Atlanta, GA 30303, USA",(866) 691-8098,2.7,https://maps.google.com/?cid=1250434148604409240,http://www.mckiserlofts.com/
ChIJGysJ5IYD9YgRVq8BBT0FeIM,Muses Lofts,33.7554188,-84.3896182,Georgia State,0.395299168458813,"50 Peachtree St STE 100, Atlanta, GA 30303, USA",(404) 523-7344,4.6,https://maps.google.com/?cid=9473327575808978774,http://www.livethemuses.com/
ChIJHc4R9_wE9YgRVZODpfHMYcw,TriBridge Residential,33.756848,-84.3886,Georgia State,0.4630447372221749,"100 Peachtree St NW, Atlanta, GA 30303, USA",(404) 352-2800,2.9,https://maps.google.com/?cid=14727277594714280789,http://tribridgeresidential.com/
ChIJ27wrj4kD9YgRhOeEudS5Q6I,Bethel Towers,33.756207,-84.3808203,Georgia State,0.5061560015959683,"Jesse Hill Jr Dr NE, Atlanta, GA 30303, USA",(404) 659-6728,2.0,https://maps.google.com/?cid=11692393380880639876,
ChIJnQ2wMocD9YgRM5d5plbM6hY,Madison House,33.7570877,-84.391044,Georgia State,0.5360260528807137,"87 Walton St NW, Atlanta, GA 30303, USA",,,https://maps.google.com/?cid=1651356885916948275,http://madisonhouseinc.com/
ChIJszQjg5ID9YgRyW6K18DbBbM,The Leonard,33.7466117,-84.377524,Georgia State,0.5665223896199316,"301 Memorial Dr SE, Atlanta, GA 30312, USA",(844) 330-1271,4.1,https://maps.google.com/?cid=12899958328969031369,
ChIJS0czEYID9YgRp4T93EqxErs,Sylvan-Factory Partners,33.7523074,-84.3953267,Georgia State,0.5389304335525336,"233 Mitchell St SW # 345, Atlanta, GA 30303, USA",(404) 521-9010,5.0,https://maps.google.com/?cid=13480031569766614183,
ChIJw-S7o40D9YgRUUoOqLYydEs,Mattress Factory Lofts,33.7484891,-84.3776421,Georgia State,0.5127308080333299,"300 M.L.K. Jr Dr SE, Atlanta, GA 30312, USA",(404) 659-7988,2.9,https://maps.google.com/?cid=5437026410227976785,http://bradenfellman.com/apartments/mattressfactory/directions/
ChIJjaxHa4MD9YgRiFw9e1lKeiY,City Plaza Apartments,33.7490379,-84.3918612,Georgia State,0.33739936166424844,"133 Trinity Ave SW, Atlanta, GA 30303, USA",(404) 681-4750,3.9,https://maps.google.com/?cid=2772610268780125320,http://www.cityplazajmg.com/
ChIJF9DnQ5AD9YgRiugit9xuFFA,Capitol Gateway,33.7453143,-84.38412249999999,Georgia State,0.3727555252360164,"89 Woodward Ave SE, Atlanta, GA 30312, USA",(404) 586-0411,3.0,https://maps.google.com/?cid=5770358916812826762,http://www.liveatcapitolgateway.com/
ChIJBfK5TIwD9YgR2hsrinRNmGU,Pencil Factory Flats,33.7495969,-84.3783699,Georgia State,0.45674167566034274,"349 Decatur St SE, Atlanta, GA 30312, USA",(678) 810-1492,3.7,https://maps.google.com/?cid=7320686357220367322,https://www.pencilfactoryapartments.com/
ChIJE-SougoE9YgRYW_BhuDXiUE,Camden Vantage Apartments,33.7583075,-84.37465809999999,Georgia State,0.8601175295272563,"180 Jackson St NE, Atlanta, GA 30312, USA",(404) 221-0360,4.0,https://maps.google.com/?cid=4722543043608145761,https://www.camdenliving.com/atlanta-ga-apartments/camden-vantage
ChIJ06UkFYsD9YgRbmrx2ESN1iY,Brushworks Condominium,33.7538438,-84.376955,Georgia State,0.5842316284799277,"19 Hilliard St SE, Atlanta, GA 30312, USA",(404) 522-4320,,https://maps.google.com/?cid=2798579545294334574,
ChIJq6q63YoD9YgRPmMqVGaLaYU,The Guild at Awethu House,33.7556467,-84.3764238,Georgia State,0.6700382709577013,"340 Auburn Ave NE, Atlanta, GA 30312, USA",,,https://maps.google.com/?cid=9613368151214023486,
ChIJ2WVjH54D9YgR-s2Y6Ki3iBQ,Cityview At Rosa Burney Park,33.7412501,-84.39741599999999,Georgia State,0.9021270432036937,"259 Richardson St SW, Atlanta, GA 30312, USA",(404) 524-0286,1.9,https://maps.google.com/?cid=1479634413675924986,
