place_id,name,lat,lng,nearest_station,distance_to_station,formatted_address,formatted_phone_number,rating,url,website
ChIJfbCbIKoc9YgR3ROqJkoh3-g,West Lake Court Apartments,33.7593614,-84.443494,West Lake,0.43808489897727276,"1691 W Lake Ct NW, Atlanta, GA 30314, USA",(404) 934-0839,2.2,https://maps.google.com/?cid=16780167338965734365,
ChIJ8S4jLl8b9YgRPHcKP17WJuA,Faith Hill Apartments,33.7632942,-84.4544043,West Lake,0.8708013806003807,"2046 Joseph E. Boone Blvd NW, Atlanta, GA 30314, USA",(404) 799-2634,1.0,https://maps.google.com/?cid=16151832813883782972,http://newfaithhillapartments.com/
ChIJrYmMMrsc9YgROLL8CuRzcig,Urban Suburban,33.7506151,-84.4505379,West Lake,0.3488920061898175,"2001 M.L.K. Jr Dr SW, Atlanta, GA 30310, USA",(404) 564-4200,,https://maps.google.com/?cid=2914519332136202808,
ChIJa0oc8K8c9YgRucZvGy19MDw,Luther Landing Apartments,33.7507555,-84.44814029999999,West Lake,0.23349770295409497,"1981 M.L.K. Jr Dr SW, Atlanta, GA 30314, USA",,2.9,https://maps.google.com/?cid=4337104073845098169,
ChIJHTlNy7wc9YgRMhxxS3I2qOk,Kingz Court,33.7503866,-84.45561479999999,West Lake,0.6233538230063579,"2099 M.L.K. Jr Dr SW, Atlanta, GA 30314, USA",(678) 394-7422,5.0,https://maps.google.com/?cid=16836767071444474930,
