place_id,name,lat,lng,nearest_station,distance_to_station,formatted_address,formatted_phone_number,rating,url,website
ChIJ90P-WT8H9YgRsybiTyvFDbE,Avery Glen Apartments,33.7707538,-84.290859,Avondale,0.47622870800033745,"339 E College Ave, Decatur, GA 30030, USA",(404) 687-8100,3.8,https://maps.google.com/?cid=12758070109224969907,http://www.rampartnersllc.com/
ChIJvZif3z4H9YgRk0AxzuyUfCE,Arlo Apartments,33.771735,-84.2934743,Avondale,0.5691276509724196,"245 E Trinity Pl, Decatur, GA 30030, USA",(404) 254-6991,4.1,https://maps.google.com/?cid=2412967245156270227,https://www.arlodecatur.com/?utm_knock=ll&utm_source=gglocal&utm_medium=referral
ChIJ44XtFbgH9YgR6uXMMhFch0M,Willis Avondale Estates,33.775298,-84.27886029999999,Avondale,0.3228415251163522,"2700 E College Ave, Decatur, GA 30030, USA",(404) 480-9833,4.8,https://maps.google.com/?cid=4865959151333598698,http://willisavondale.com/
ChIJUcJebEgH9YgRbAsDaT-EN8I,Cortland Decatur East,33.7734364,-84.2815349,Avondale,0.2055753450783899,"2641 E College Ave, Decatur, GA 30030, USA",(470) 381-3700,4.7,https://maps.google.com/?cid=13994799774956718956,https://cortland.com/apartments/cortland-decatur-east/?utm_source=gmb_site&utm_medium=organic
ChIJaz-L8EAH9YgRKa93kzN4DEA,Atlantic Star Ice House Lofts,33.7729601,-84.28909990000001,Avondale,0.30611969567638453,"105 Sycamore Pl, Decatur, GA 30030, USA",(404) 377-5251,2.5,https://maps.google.com/?cid=4615195881060675369,http://bradenfellman.com/apartments/icehouse/
ChIJKWUK5T4H9YgRT4lBNtHWsmI,Philips Tower,33.7727423,-84.29432059999999,Avondale,0.5907757711529253,"218 E Trinity Pl # A, Decatur, GA 30030, USA",(404) 373-4361,4.9,https://maps.google.com/?cid=7111982955618208079,https://www.phgainc.org/locations/decatur-ga/
ChIJbYcgZl4H9YgRp1yW-gPbt88,Avondale Station,33.774829,-84.2754673,Avondale,0.5183926802257796,"703 Twin Oaks Dr, Decatur, GA 30030, USA",(833) 317-4233,4.0,https://maps.google.com/?cid=14967672696724675751,http://avondalestationapts.com/
ChIJUy3mYWYH9YgRhCY91RbAGUU,Decatur Crossing,33.780052,-84.2775904,Avondale,0.5207652762881438,"100 Grayson Pl, Decatur, GA 30030, USA",(404) 298-1991,4.7,https://maps.google.com/?cid=4979222067334162052,http://www.decaturcrossingapartments.com/
ChIJex7Z0lwH9YgRIOb4yKt-6mg,Derrydown Quads & Houses,33.771882,-84.280462,Avondale,0.32180061060616855,"784 Derrydown Way, Decatur, GA 30030, USA",(404) 377-7087,4.0,https://maps.google.com/?cid=7559994200771061280,http://rjamesproperties.com/properties/derrydown-quads-houses/
ChIJ_ay-6yUH9YgRozklIh3-Ea4,Columbia Senior Residences at Decatur East,33.7735232,-84.2811325,Avondale,0.2219089738111663,"590 East E Freeman St, Decatur, GA 30030, USA",(404) 378-6868,4.3,https://maps.google.com/?cid=12543085838283913635,https://www.columbiares.com/communities/our-communities/property-details/property?prop_id=48
ChIJ93DcqWoH9YgRixQSA8zggTA,430 Ponce Properties,33.7775755,-84.2908229,Avondale,0.402511113888964,"430 Ponce De Leon Ct, Decatur, GA 30030, USA",(404) 377-5251,,https://maps.google.com/?cid=3495321952645682315,https://bradenfellman.com/apartments-lofts/decatur/ponce-properties/
ChIJfeC0UZYH9YgRVAHvyaYcMY8,Arcadia Decatur,33.7820356,-84.2773089,Avondale,0.6289079885440894,"240 N Arcadia Ave, Decatur, GA 30030, USA",(404) 946-3382,,https://maps.google.com/?cid=10318059723960549716,https://www.livearcadiadecatur.com/?utm_source=GMB&utm_medium=organic
ChIJ33FLyOQH9YgR29d977oSwEk,Springdale Apartments,33.7788648,-84.28464,Avondale,0.2568788666035707,"121 Springdale St, Decatur, GA 30030, USA",(404) 377-5251,,https://maps.google.com/?cid=5314268154388404187,https://bradenfellman.com/apartments-lofts/decatur/springdale/
ChIJx2ue4mQH9YgRoVRZKa48-Tw,The Clarion Apartments,33.7851329,-84.2774283,Avondale,0.79897816868358,"10 Rimington Ln, Decatur, GA 30030, USA",(404) 508-9360,3.8,https://maps.google.com/?cid=4393609630192325793,https://www.clarionapts.com/
ChIJS9FO9PAH9YgRzcLHVMmxLBA,"813 Twin Oaks Drive, Apt 4, Decatur, GA",33.7729932,-84.2730954,Avondale,0.6709967266282554,"813 Twin Oaks Dr, Decatur, GA 30030, USA",,,https://maps.google.com/?cid=1165501881851036365,
