place_id,name,lat,lng,nearest_station,distance_to_station,formatted_address,formatted_phone_number,rating,url,website
ChIJkxaP8nsD9YgRBgG6AMX6KUs,Northside Plaza Apartments,33.7533627,-84.40237049999999,Vine City,0.2383403552832665,"440 Markham St SW, Atlanta, GA 30313, USA",(404) 688-9019,3.5,https://maps.google.com/?cid=5416135750917423366,http://www.liveatnorthsideplaza.com/
ChIJA4eHtHsD9YgRgpbuFol2N_c,Intown Apartments & Lofts,33.7500392,-84.4033955,Vine City,0.44975193208379916,"170 Northside Dr SW, Atlanta, GA 30313, USA",(404) 522-7598,2.4,https://maps.google.com/?cid=17813837182254618242,http://www.intownloftsapartments.net/
ChIJQwd7g4QE9YgRQVj64Pa8PKA,The Point at Westside,33.7650738,-84.40441249999999,Vine City,0.5882548006768941,"370 Northside Dr NW, Atlanta, GA 30318, USA",(404) 418-4379,2.6,https://maps.google.com/?cid=11546311313193588801,http://www.pointatwestside.com/?utm_source=googlemybusiness&utm_medium=organic&utm_campaign=website_link
ChIJt_1SdHwD9YgR-yBIknzDDk8,Friendship Tower Apartments,33.7535032,-84.40322669999999,Vine City,0.2142443117778201,"35 Northside Dr SW, Atlanta, GA 30313, USA",(404) 681-2873,3.7,https://maps.google.com/?cid=5696705518467817723,
ChIJl7rhS50E9YgRMOZ66XCI498,Odyssey Villas Apartments,33.7604947,-84.4070916,Vine City,0.32555592140135586,"601 Spencer St NW, Atlanta, GA 30314, USA",(404) 671-3570,3.6,https://maps.google.com/?cid=16132888308706108976,
ChIJAZ194ngD9YgR7YKlPsWc07s,Fulton Supply Lofts,33.7513235,-84.3989038,Vine City,0.463928916975868,"342 Nelson St SW, Atlanta, GA 30313, USA",(404) 775-9299,3.7,https://maps.google.com/?cid=13534333676151997165,http://www.fultonsupplylofts.com/
ChIJ9fZsFn0D9YgR-7ATiRg55do,Vllla At the Dome,33.7571223,-84.404834,Vine City,0.06284572416538207,"515 Rhodes St NW, Atlanta, GA 30314, USA",(404) 996-2046,4.4,https://maps.google.com/?cid=15773076047476797691,
ChIJe2Ds1WUD9YgRJz4UPQOCxps,CAU Suites,33.751524,-84.4115889,Vine City,0.5579259968481286,"128 Mildred St SW, Atlanta, GA 30314, USA",(404) 880-8690,3.0,https://maps.google.com/?cid=11224802071688789543,http://www.causuites.com/student-apartments/ga/atlanta/cau-suites
ChIJwwpL5nwD9YgR8WsfMVA2wP0,The Residences at CityCenter Apartments,33.755736,-84.40470599999999,Vine City,0.06946290854023049,"55 Maple St NW, Atlanta, GA 30314, USA",(844) 361-5655,3.6,https://maps.google.com/?cid=18284674205173640177,https://bhmanagement.com/communities/the-residences-at-citycenter-apartments/
ChIJM7Nlf4QE9YgRvnwImexpLL4,Northside Village Apartments,33.7651228,-84.4049962,Vine City,0.593966457531968,"370 Northside Dr NW, Atlanta, GA 30318, USA",(404) 522-4826,5.0,https://maps.google.com/?cid=13703444231082245310,
ChIJb4F4PYMD9YgRmHWVqjtvWhE,MC Kiser Lofts,33.7489582,-84.39271140000001,Vine City,0.8336397394448432,"210 Pryor St SW, Atlanta, GA 30303, USA",(866) 691-8098,2.7,https://maps.google.com/?cid=1250434148604409240,http://www.mckiserlofts.com/
ChIJj5Q_Q2ED9YgRm3Sfj30Deh0,Heritage Commons,33.7539967,-84.4130012,Vine City,0.5478242637050292,"15 James P Brawley Dr SW, Atlanta, GA 30314, USA",(404) 880-8690,5.0,https://maps.google.com/?cid=2124014012073997467,
ChIJXRc8PnoD9YgRMoIbsQhA-Sc,Stonewall Lofts,33.7500536,-84.40323149999999,Vine City,0.4495785702835597,"450 Stonewall St SW #404, Atlanta, GA 30313, USA",(404) 522-7598,1.0,https://maps.google.com/?cid=2880403842755428914,http://www.stonewalllofts.com/our-community/contact-us/
ChIJ3bZCzWUD9YgR5LlGKAk1raQ,Veranda At Scholars Landing,33.751098,-84.4113146,Vine City,0.5647105948344273,"Clark Atlanta University, 130 Lawshe St SW, Atlanta, GA 30314, USA",(404) 221-0601,4.3,https://maps.google.com/?cid=11866198906637826532,
ChIJiwgy338D9YgRFavgB-xaqRI,Smith & Porter,33.7487486,-84.39962899999999,Vine City,0.5931125818372713,"210 Peters St SW, Atlanta, GA 30313, USA",(470) 235-5466,4.5,https://maps.google.com/?cid=1344705933537749781,https://www.smithandporterapts.com/
ChIJ44HaF9gD9YgRBW_6ASLZGuk,Castleberry Park Apartments,33.7535392,-84.39916029999999,Vine City,0.34668338242324037,"Atlanta, GA 30313, USA",,,https://maps.google.com/?cid=16796976500316991237,
ChIJpUlMgZ8E9YgRLHp5RI1UzsI,Ashby Park Apartments,33.7619204,-84.4164261,Vine City,0.8061569614816934,,,,,
ChIJH8AvfnAD9YgR9DAg0gVS5P8,Artist Square,33.7467822,-84.40470359999999,Vine City,0.6741926897199795,"23 Larkin Pl SW, Atlanta, GA 30313, USA",(404) 584-6556,3.9,https://maps.google.com/?cid=18438952959315292404,http://www.artistsquareapartments.com/
ChIJ3zemqzUD9YgRZ1WdR3zucqw,The Legacy at Vine City,33.7595634,-84.4061126,Vine City,0.2412630009683563,"575 Foundry St NW, Atlanta, GA 30314, USA",(404) 331-6433,4.0,https://maps.google.com/?cid=12426256539413468519,
ChIJDZFkNHsD9YgRpzhuIbUcyHM,SW Apartments,33.7520614,-84.40657279999999,Vine City,0.34304006634465034,"409 Beckwith St SW, Atlanta, GA 30314, USA",,,https://maps.google.com/?cid=8342949873979373735,
