place_id,name,lat,lng,nearest_station,distance_to_station,formatted_address,formatted_phone_number,rating,url,website
ChIJ_cF78HYE9YgRr2YoF3KZcqc,Altitude,33.7615621,-84.38243489999999,Five Points,0.7461643908517956,"250 Piedmont Ave NE, Atlanta, GA 30308, USA",(404) 973-2846,3.3,https://maps.google.com/?cid=12065875066972825263,https://www.livealtitudeatlanta.com/
ChIJrdTNI4gD9YgRXAwqUbdnj54,One12 Courtland Apartments,33.7572368,-84.3847194,Five Points,0.4563107327726292,"112 Courtland St NE, Atlanta, GA 30303, USA",(404) 584-2464,2.1,https://maps.google.com/?cid=11425464816700623964,https://www.one12courtland.com/?utm_source=google&utm_medium=google%20my%20business&utm_campaign=website%20button
ChIJKQj1f3cE9YgRvz31ubbyQ-U,ashford at stoneridge apartments,33.7611653,-84.3856723,Five Points,0.6066647648818214,"245 Peachtree Center Ave NE, Atlanta, GA 30303, USA",(855) 980-6796,,https://maps.google.com/?cid=16520314724742938047,
ChIJh2xtLYYD9YgR6dYotPlD8fc,Dwell ATL Luxury Apartments,33.7553013,-84.38158,Five Points,0.5814094011666723,"171 Auburn Ave NE, Atlanta, GA 30303, USA",(844) 209-8016,3.2,https://maps.google.com/?cid=17866135936503961321,https://www.liveatdwellatl.com/?switch_cls[id]=64509&utm_source=google%20-%20entrataseo&utm_medium=organic&utm_campaign=gmb&utm_content=website%20click
ChIJb4F4PYMD9YgRmHWVqjtvWhE,MC Kiser Lofts,33.7489582,-84.39271140000001,Five Points,0.3437610147128259,"210 Pryor St SW, Atlanta, GA 30303, USA",(866) 691-8098,2.7,https://maps.google.com/?cid=1250434148604409240,http://www.mckiserlofts.com/
ChIJGysJ5IYD9YgRVq8BBT0FeIM,Muses Lofts,33.7554188,-84.3896182,Five Points,0.15434947173612612,"50 Peachtree St STE 100, Atlanta, GA 30303, USA",(404) 523-7344,4.6,https://maps.google.com/?cid=9473327575808978774,http://www.livethemuses.com/
ChIJAQDQeHcE9YgRnn46CRwNCGs,Scarlett Place Apartments,33.7611653,-84.3856723,Five Points,0.6066647648818214,"245 Peachtree Center Ave NE, Atlanta, GA 30303, USA",(866) 591-0778,,https://maps.google.com/?cid=7712428775937048222,http://www.scarlettplaceatlapts.com/scarlett-place-atl-apts-jonesboro-ga/neighborhood
ChIJHc4R9_wE9YgRVZODpfHMYcw,TriBridge Residential,33.756848,-84.3886,Five Points,0.2668205058530556,"100 Peachtree St NW, Atlanta, GA 30303, USA",(404) 352-2800,2.9,https://maps.google.com/?cid=14727277594714280789,http://tribridgeresidential.com/
ChIJAZ194ngD9YgR7YKlPsWc07s,Fulton Supply Lofts,33.7513235,-84.3989038,Five Points,0.4588708457998161,"342 Nelson St SW, Atlanta, GA 30313, USA",(404) 775-9299,3.7,https://maps.google.com/?cid=13534333676151997165,http://www.fultonsupplylofts.com/
ChIJnQ2wMocD9YgRM5d5plbM6hY,Madison House,33.7570877,-84.391044,Five Points,0.22508433689318944,"87 Walton St NW, Atlanta, GA 30303, USA",,,https://maps.google.com/?cid=1651356885916948275,http://madisonhouseinc.com/
ChIJTeBku34E9YgRc9U1cdRHAag,Post Centennial Park,33.763586,-84.3912454,Five Points,0.6714213873384038,"325 Centennial Olympic Park Dr NW, Atlanta, GA 30313, USA",(678) 649-4155,2.9,https://maps.google.com/?cid=12106036251106596211,http://www.maac.com/georgia/atlanta/post-centennial-park/
ChIJkxaP8nsD9YgRBgG6AMX6KUs,Northside Plaza Apartments,33.7533627,-84.40237049999999,Five Points,0.6250994856412595,"440 Markham St SW, Atlanta, GA 30313, USA",(404) 688-9019,3.5,https://maps.google.com/?cid=5416135750917423366,http://www.liveatnorthsideplaza.com/
ChIJmy2YWWkV9YgRFwKjnBFq8qQ,AMLI Management Company,33.7615226,-84.38796119999999,Five Points,0.5674638254759897,"260 W Peachtree St NW #1700, Atlanta, GA 30303, USA",(770) 281-3300,5.0,https://maps.google.com/?cid=11885678990459077143,http://www.amli.com/
ChIJjaxHa4MD9YgRiFw9e1lKeiY,City Plaza Apartments,33.7490379,-84.3918612,Five Points,0.3320035506062076,"133 Trinity Ave SW, Atlanta, GA 30303, USA",(404) 681-4750,3.9,https://maps.google.com/?cid=2772610268780125320,http://www.cityplazajmg.com/
ChIJC8Sr-ZAD9YgRcBD42b7YltE,Columbia Tower,33.7441328,-84.38357549999999,Five Points,0.8110973179234394,"380 Martin St SE, Atlanta, GA 30312, USA",(404) 230-7556,3.2,https://maps.google.com/?cid=15102496714645835888,http://www.columbiares.com/
ChIJA4eHtHsD9YgRgpbuFol2N_c,Intown Apartments & Lofts,33.7500392,-84.4033955,Five Points,0.7319001366740762,"170 Northside Dr SW, Atlanta, GA 30313, USA",(404) 522-7598,2.4,https://maps.google.com/?cid=17813837182254618242,http://www.intownloftsapartments.net/
ChIJ44HaF9gD9YgRBW_6ASLZGuk,Castleberry Park Apartments,33.7535392,-84.39916029999999,Five Points,0.43990636184251536,"Atlanta, GA 30313, USA",,,https://maps.google.com/?cid=16796976500316991237,
ChIJiwgy338D9YgRFavgB-xaqRI,Smith & Porter,33.7487486,-84.39962899999999,Five Points,0.5839466834190493,"210 Peters St SW, Atlanta, GA 30313, USA",(470) 235-5466,4.5,https://maps.google.com/?cid=1344705933537749781,https://www.smithandporterapts.com/
ChIJ27wrj4kD9YgRhOeEudS5Q6I,Bethel Towers,33.756207,-84.3808203,Five Points,0.6375350576119021,"Jesse Hill Jr Dr NE, Atlanta, GA 30303, USA",(404) 659-6728,2.0,https://maps.google.com/?cid=11692393380880639876,
ChIJF9DnQ5AD9YgRiugit9xuFFA,Capitol Gateway,33.7453143,-84.38412249999999,Five Points,0.726376962680585,"89 Woodward Ave SE, Atlanta, GA 30312, USA",(404) 586-0411,3.0,https://maps.google.com/?cid=5770358916812826762,http://www.liveatcapitolgateway.com/
