place_id,name,lat,lng,nearest_station,distance_to_station,formatted_address,formatted_phone_number,rating,url,website
ChIJs0_Es7ip9YgR8dlA0ZjY-Rk,Oak Creek Apartments,33.780177,-84.248076,Kensington,0.5615562944781932,"280 Northern Ave, Avondale Estates, GA 30002, USA",(404) 292-9724,3.0,https://maps.google.com/?cid=1871765271006468593,http://www.oakcreekapts.org/
ChIJ3VvNauyp9YgRRXlKemiVy2M,Nottingham Forest East Apartments,33.767571,-84.2530838,Kensington,0.3595604262857947,"965 Nottingham Dr, Avondale Estates, GA 30002, USA",(404) 501-0556,2.3,https://maps.google.com/?cid=7191005505987967301,
ChIJseBqKbmp9YgRgYNhOI5oMEs,Avondale Reserve,33.781139,-84.24639979999999,Kensington,0.6637006061048549,"260 Northern Ave, Avondale Estates, GA 30002, USA",(678) 235-9775,3.3,https://maps.google.com/?cid=5417945311767266177,https://www.avondalereserve.com/?utm_source=GMB&utm_medium=organic
ChIJawGa8O2p9YgRudHk1H_URzY,Midway Manor Apartments,33.763895,-84.25352099999999,Kensington,0.6136646590331343,"3626 Midway Rd, Decatur, GA 30032, USA",(404) 284-9605,2.8,https://maps.google.com/?cid=3911328446892265913,
ChIJF1snEfCp9YgRn12OmCRDMMo,Royal Manor,33.7627001,-84.2587331,Kensington,0.7919862536229394,"3900 Memorial Dr, Decatur, GA 30032, USA",(404) 289-8307,1.8,https://maps.google.com/?cid=14569218619000905119,
ChIJowqOgJ-p9YgRTgBDBgi8LMo,Novo Avondale,33.7745299,-84.2545264,Kensington,0.1940529471148989,"3330 Mountain Dr, Decatur, GA 30032, USA",(678) 274-4868,4.6,https://maps.google.com/?cid=14568225637287526478,http://novoavondale.com/
ChIJOSXLRvCp9YgRFhu4Ib7ikKs,Brittany Place Apartments,33.7627735,-84.2541523,Kensington,0.6958815260267371,"3246 Covington Dr, Decatur, GA 30032, USA",(404) 288-4646,2.1,https://maps.google.com/?cid=12362630283369388822,
ChIJaVZYrSap9YgRiQOudEgDo9I,The Village at Kensington,33.7689286,-84.247134,Kensington,0.38061091791381474,"3465 Kensington Rd, Decatur, GA 30032, USA",(470) 704-8008,3.6,https://maps.google.com/?cid=15177978778898793353,http://www.villageatkensingtonapts.com/
