place_id,name,lat,lng,nearest_station,distance_to_station,formatted_address,formatted_phone_number,rating,url,website
ChIJ90P-WT8H9YgRsybiTyvFDbE,Avery Glen Apartments,33.7707538,-84.290859,Decatur,0.3727780059511929,"339 E College Ave, Decatur, GA 30030, USA",(404) 687-8100,3.8,https://maps.google.com/?cid=12758070109224969907,http://www.rampartnersllc.com/
ChIJvZif3z4H9YgRk0AxzuyUfCE,Arlo Apartments,33.771735,-84.2934743,Decatur,0.22835132285865545,"245 E Trinity Pl, Decatur, GA 30030, USA",(404) 254-6991,4.1,https://maps.google.com/?cid=2412967245156270227,https://www.arlodecatur.com/?utm_knock=ll&utm_source=gglocal&utm_medium=referral
ChIJIckZFRYH9YgRag7I20JEdB4,1133 on the Square,33.7774947,-84.2978194,Decatur,0.24199412950689964,"1133 Commerce Dr, Decatur, GA 30030, USA",(404) 371-6999,4.7,https://maps.google.com/?cid=2194453972382125674,https://www.1133onthesquare.com/?utm_source=GoogleLocalListing&utm_medium=organic
ChIJqcnaWiMH9YgRF8KU9N5rTsM,Park Trace Apartments,33.7717611,-84.3025512,Decatur,0.4606124519735084,"700 Atlanta Ave, Decatur, GA 30030, USA",(404) 371-0887,3.2,https://maps.google.com/?cid=14073304490909680151,http://www.parktracesage.com/
ChIJaz-L8EAH9YgRKa93kzN4DEA,Atlantic Star Ice House Lofts,33.7729601,-84.28909990000001,Decatur,0.3777657092836326,"105 Sycamore Pl, Decatur, GA 30030, USA",(404) 377-5251,2.5,https://maps.google.com/?cid=4615195881060675369,http://bradenfellman.com/apartments/icehouse/
ChIJKWUK5T4H9YgRT4lBNtHWsmI,Philips Tower,33.7727423,-84.29432059999999,Decatur,0.1445457022686246,"218 E Trinity Pl # A, Decatur, GA 30030, USA",(404) 373-4361,4.9,https://maps.google.com/?cid=7111982955618208079,https://www.phgainc.org/locations/decatur-ga/
ChIJnVKoKCMH9YgRlE7gc4sQ3mc,Trinity Walk Apartments,33.7743392,-84.3023876,Decatur,0.40623349721325774,"421 W Trinity Pl, Decatur, GA 30030, USA",(470) 310-3460,4.0,https://maps.google.com/?cid=7484437821866921620,http://www.decaturhousing.org/assistedhousing.html
ChIJnWL1RXMH9YgReKAi8FuRdv0,AMLI Decatur,33.7731691,-84.29769499999999,Decatur,0.17005077828902884,"122 W Trinity Pl, Decatur, GA 30030, USA",(855) 762-2769,5.0,https://maps.google.com/?cid=18263945162904477816,https://www.amli.com/apartments/atlanta/decatur-apartments/amli-decatur?switch_code=58696
ChIJU7sSQT0H9YgRX1ZdbHHEr2o,The Place on Ponce,33.7767235,-84.3009031,Decatur,0.35038033178717437,"220 Ponce De Leon Pl, Decatur, GA 30030, USA",(833) 210-4606,4.3,https://maps.google.com/?cid=7687579080373130847,http://www.placeonponce.com/
ChIJM7MKJiQH9YgRJsNBMBAdXJ4,Adair Oaks Apartments,33.7697342,-84.30735829999999,Decatur,0.7705364313009613,"212 Adair St, Decatur, GA 30030, USA",(404) 876-6432,3.1,https://maps.google.com/?cid=11411027511216292646,https://camelliadecatur.com/
ChIJaSVEYDwH9YgRDTCZj0SY0Es,Allen Wilson Apartments,33.7723234,-84.2990287,Decatur,0.266436266032637,"1450 Commerce Dr, Decatur, GA 30030, USA",(404) 687-8358,4.0,https://maps.google.com/?cid=5463033768234790925,
ChIJ93DcqWoH9YgRixQSA8zggTA,430 Ponce Properties,33.7775755,-84.2908229,Decatur,0.32862780980128853,"430 Ponce De Leon Ct, Decatur, GA 30030, USA",(404) 377-5251,,https://maps.google.com/?cid=3495321952645682315,https://bradenfellman.com/apartments-lofts/decatur/ponce-properties/
ChIJE36F5Nuq9YgR_c-37IQrBQE,Parkway Grand,33.7722515,-84.30420120000001,Decatur,0.5363380308287186,"100 Woodbury Pl, Decatur, GA 30034, USA",(678) 540-1127,,https://maps.google.com/?cid=73512818828627965,https://www.parkwaygrand.com/contact
